cdscod;cds;year;adcod;ad;num_iscritti;num_sup;ratio
541;[541] SCIENZE DEL TURISMO E COMUNITA' LOCALE(C.SO A DISTANZA);2017;E1501N009;[E1501N009] SOCIOLOGIA DELLA CULTURA E DEL TEMPO LIBERO;1;1;100
581;[581] GIURISPRUDENZA;2016;A5810010;[A5810010] DIRITTO AMMINISTRATIVO;3;0;0
581;[581] GIURISPRUDENZA;2016;A5810012;[A5810012] DIRITTO TRIBUTARIO;2;0;0
581;[581] GIURISPRUDENZA;2016;A5810017;[A5810017] DIRITTO PROCESSUALE CIVILE;3;0;0
581;[581] GIURISPRUDENZA;2016;A5810018;[A5810018] PROCEDURA PENALE;2;0;0
581;[581] GIURISPRUDENZA;2016;A5810033;[A5810033] TEORIE DELL'INTERPRETAZIONE;1;0;0
581;[581] GIURISPRUDENZA;2016;A5810051;[A5810051] DIRITTO DEL LAVORO C.P.;1;0;0
581;[581] GIURISPRUDENZA;2016;A5810066;[A5810066] DIRITTO SINDACALE;1;0;0
581;[581] GIURISPRUDENZA;2016;A5810228;[A5810228] STORIA DEL DIRITTO MEDIEVALE E MODERNO;1;0;0
581;[581] GIURISPRUDENZA;2016;A5810229;[A5810229] ISTITUZIONI DI DIRITTO ROMANO;2;0;0
581;[581] GIURISPRUDENZA;2016;A5810031;[A5810031] INFORMATICA GIURIDICA;28;1;3,571428571
581;[581] GIURISPRUDENZA;2017;A5810018;[A5810018] PROCEDURA PENALE;249;119;47,79116466
581;[581] GIURISPRUDENZA;2017;A5810017;[A5810017] DIRITTO PROCESSUALE CIVILE;349;178;51,00286533
581;[581] GIURISPRUDENZA;2017;A5810012;[A5810012] DIRITTO TRIBUTARIO;246;130;52,84552846
581;[581] GIURISPRUDENZA;2017;A5810228;[A5810228] STORIA DEL DIRITTO MEDIEVALE E MODERNO;430;231;53,72093023
581;[581] GIURISPRUDENZA;2017;A5810066;[A5810066] DIRITTO SINDACALE;7;4;57,14285714
581;[581] GIURISPRUDENZA;2017;A5810229;[A5810229] ISTITUZIONI DI DIRITTO ROMANO;385;225;58,44155844
581;[581] GIURISPRUDENZA;2017;A5810031;[A5810031] INFORMATICA GIURIDICA;44;29;65,90909091
581;[581] GIURISPRUDENZA;2017;A5810010;[A5810010] DIRITTO AMMINISTRATIVO;288;203;70,48611111
581;[581] GIURISPRUDENZA;2017;A5810051;[A5810051] DIRITTO DEL LAVORO C.P.;17;12;70,58823529
581;[581] GIURISPRUDENZA;2017;A5810033;[A5810033] TEORIE DELL'INTERPRETAZIONE;15;13;86,66666667
E0201Q;[E0201Q] BIOTECNOLOGIE;2016;E0201Q055;[E0201Q055] COMPOSTI ORGANICI DI INTERESSE MERCEOLOGICO;3;0;0
E0201Q;[E0201Q] BIOTECNOLOGIE;2016;E0201Q059;[E0201Q059] BIOCHIMICA PER LE BIOTECNOLOGIE;1;0;0
E0201Q;[E0201Q] BIOTECNOLOGIE;2016;E0201Q065;[E0201Q065] BIOCHIMICA SISTEMATICA UMANA;47;33;70,21276596
E0201Q;[E0201Q] BIOTECNOLOGIE;2016;E1301Q059;[E1301Q059] ECOLOGIA APPLICATA;1;1;100
E0201Q;[E0201Q] BIOTECNOLOGIE;2016;E1301Q063;[E1301Q063] BOTANICA;1;1;100
E0201Q;[E0201Q] BIOTECNOLOGIE;2017;E0201Q059;[E0201Q059] BIOCHIMICA PER LE BIOTECNOLOGIE;147;73;49,65986395
E0201Q;[E0201Q] BIOTECNOLOGIE;2017;E0201Q065;[E0201Q065] BIOCHIMICA SISTEMATICA UMANA;79;51;64,55696203
E0201Q;[E0201Q] BIOTECNOLOGIE;2017;E0201Q055;[E0201Q055] COMPOSTI ORGANICI DI INTERESSE MERCEOLOGICO;35;24;68,57142857
E0201Q;[E0201Q] BIOTECNOLOGIE;2017;E1301Q059;[E1301Q059] ECOLOGIA APPLICATA;1;1;100
E1301Q;[E1301Q] SCIENZE BIOLOGICHE;2016;E0201Q055;[E0201Q055] COMPOSTI ORGANICI DI INTERESSE MERCEOLOGICO;1;0;0
E1301Q;[E1301Q] SCIENZE BIOLOGICHE;2016;E1301Q011;[E1301Q011] ZOOLOGIA;1;0;0
E1301Q;[E1301Q] SCIENZE BIOLOGICHE;2016;E1301Q063;[E1301Q063] BOTANICA;1;0;0
E1301Q;[E1301Q] SCIENZE BIOLOGICHE;2016;E0201Q065;[E0201Q065] BIOCHIMICA SISTEMATICA UMANA;9;4;44,44444444
E1301Q;[E1301Q] SCIENZE BIOLOGICHE;2016;E1301Q059;[E1301Q059] ECOLOGIA APPLICATA;4;3;75
E1301Q;[E1301Q] SCIENZE BIOLOGICHE;2017;E0201Q054;[E0201Q054] FARMACOLOGIA;1;0;0
E1301Q;[E1301Q] SCIENZE BIOLOGICHE;2017;E1301Q011;[E1301Q011] ZOOLOGIA;189;75;39,68253968
E1301Q;[E1301Q] SCIENZE BIOLOGICHE;2017;E0201Q065;[E0201Q065] BIOCHIMICA SISTEMATICA UMANA;90;44;48,88888889
E1301Q;[E1301Q] SCIENZE BIOLOGICHE;2017;E0201Q055;[E0201Q055] COMPOSTI ORGANICI DI INTERESSE MERCEOLOGICO;15;8;53,33333333
E1301Q;[E1301Q] SCIENZE BIOLOGICHE;2017;E1301Q059;[E1301Q059] ECOLOGIA APPLICATA;48;26;54,16666667
E1301Q;[E1301Q] SCIENZE BIOLOGICHE;2017;E1301Q063;[E1301Q063] BOTANICA;147;107;72,78911565
E1401A;[E1401A] SCIENZE DEI SERVIZI GIURIDICI;2016;E1401A007;[E1401A007] DIRITTO COMMERCIALE;1;0;0
E1401A;[E1401A] SCIENZE DEI SERVIZI GIURIDICI;2016;E1401A008;[E1401A008] DIRITTO PENALE;1;0;0
E1401A;[E1401A] SCIENZE DEI SERVIZI GIURIDICI;2016;E1401A078;[E1401A078] ISTITUZIONI DI DIRITTO PRIVATO;2;0;0
E1401A;[E1401A] SCIENZE DEI SERVIZI GIURIDICI;2016;E1401A074;[E1401A074] ELEMENTI DI DIRITTO ROMANO PUBBLICO E PRIVATO;10;2;20
E1401A;[E1401A] SCIENZE DEI SERVIZI GIURIDICI;2016;E1401A028;[E1401A028] DIRITTO FALLIMENTARE;2;1;50
E1401A;[E1401A] SCIENZE DEI SERVIZI GIURIDICI;2016;E1401A076;[E1401A076] ELEMENTI DI STORIA DEL DIRITTO MEDIEVALE E MODERNO;2;1;50
E1401A;[E1401A] SCIENZE DEI SERVIZI GIURIDICI;2016;E1401A019;[E1401A019] DIRITTO DELLA SICUREZZA SOCIALE: PREVIDENZA E ASSISTENZA;11;6;54,54545455
E1401A;[E1401A] SCIENZE DEI SERVIZI GIURIDICI;2016;E1401A025;[E1401A025] DIRITTO DEI MERCATI FINANZIARI;9;5;55,55555556
E1401A;[E1401A] SCIENZE DEI SERVIZI GIURIDICI;2016;E1401A086;[E1401A086] ELEMENTI DI DIRITTO PROCESSUALE CIVILE;6;4;66,66666667
E1401A;[E1401A] SCIENZE DEI SERVIZI GIURIDICI;2017;E1401A078;[E1401A078] ISTITUZIONI DI DIRITTO PRIVATO;357;135;37,81512605
E1401A;[E1401A] SCIENZE DEI SERVIZI GIURIDICI;2017;E1401A028;[E1401A028] DIRITTO FALLIMENTARE;19;8;42,10526316
E1401A;[E1401A] SCIENZE DEI SERVIZI GIURIDICI;2017;E1401A007;[E1401A007] DIRITTO COMMERCIALE;120;69;57,5
E1401A;[E1401A] SCIENZE DEI SERVIZI GIURIDICI;2017;E1401A019;[E1401A019] DIRITTO DELLA SICUREZZA SOCIALE: PREVIDENZA E ASSISTENZA;22;13;59,09090909
E1401A;[E1401A] SCIENZE DEI SERVIZI GIURIDICI;2017;E1401A074;[E1401A074] ELEMENTI DI DIRITTO ROMANO PUBBLICO E PRIVATO;304;183;60,19736842
E1401A;[E1401A] SCIENZE DEI SERVIZI GIURIDICI;2017;E1401A008;[E1401A008] DIRITTO PENALE;118;74;62,71186441
E1401A;[E1401A] SCIENZE DEI SERVIZI GIURIDICI;2017;E1401A076;[E1401A076] ELEMENTI DI STORIA DEL DIRITTO MEDIEVALE E MODERNO;241;160;66,39004149
E1401A;[E1401A] SCIENZE DEI SERVIZI GIURIDICI;2017;E1401A086;[E1401A086] ELEMENTI DI DIRITTO PROCESSUALE CIVILE;123;100;81,30081301
E1401A;[E1401A] SCIENZE DEI SERVIZI GIURIDICI;2017;E1401A025;[E1401A025] DIRITTO DEI MERCATI FINANZIARI;22;19;86,36363636
E1501N;[E1501N] SCIENZE DEL TURISMO E COMUNITÀ LOCALE;2016;E1501N001;[E1501N001] DIRITTO DEL TURISMO;1;0;0
E1501N;[E1501N] SCIENZE DEL TURISMO E COMUNITÀ LOCALE;2016;E1501N065;[E1501N065] ECONOMIA CULTURALE E AMBIENTALE;77;38;49,35064935
E1501N;[E1501N] SCIENZE DEL TURISMO E COMUNITÀ LOCALE;2016;E1501N011;[E1501N011] SOCIOLOGIA DEL TERRITORIO;2;1;50
E1501N;[E1501N] SCIENZE DEL TURISMO E COMUNITÀ LOCALE;2016;E1501N051;[E1501N051] GEOGRAFIA DEL TURISMO;134;84;62,68656716
E1501N;[E1501N] SCIENZE DEL TURISMO E COMUNITÀ LOCALE;2016;E1501N014;[E1501N014] ECONOMIA DEL TURISMO;72;49;68,05555556
E1501N;[E1501N] SCIENZE DEL TURISMO E COMUNITÀ LOCALE;2016;E1501N005;[E1501N005] SOCIOLOGIA GENERALE;107;84;78,5046729
E1501N;[E1501N] SCIENZE DEL TURISMO E COMUNITÀ LOCALE;2016;E1501N082;[E1501N082] ARCHEOLOGIA;147;131;89,11564626
E1501N;[E1501N] SCIENZE DEL TURISMO E COMUNITÀ LOCALE;2016;E1501N007;[E1501N007] LINGUA E TRADUZIONE INGLESE;1;1;100
E1501N;[E1501N] SCIENZE DEL TURISMO E COMUNITÀ LOCALE;2016;E1501N009;[E1501N009] SOCIOLOGIA DELLA CULTURA E DEL TEMPO LIBERO;1;1;100
E1501N;[E1501N] SCIENZE DEL TURISMO E COMUNITÀ LOCALE;2016;E4001N053;[E4001N053] ORGANIZZAZIONE E LAVORO;3;3;100
E1501N;[E1501N] SCIENZE DEL TURISMO E COMUNITÀ LOCALE;2017;E1501N001;[E1501N001] DIRITTO DEL TURISMO;202;113;55,94059406
E1501N;[E1501N] SCIENZE DEL TURISMO E COMUNITÀ LOCALE;2017;E1501N065;[E1501N065] ECONOMIA CULTURALE E AMBIENTALE;102;64;62,74509804
E1501N;[E1501N] SCIENZE DEL TURISMO E COMUNITÀ LOCALE;2017;E1501N014;[E1501N014] ECONOMIA DEL TURISMO;75;49;65,33333333
E1501N;[E1501N] SCIENZE DEL TURISMO E COMUNITÀ LOCALE;2017;E1501N007;[E1501N007] LINGUA E TRADUZIONE INGLESE;203;140;68,96551724
E1501N;[E1501N] SCIENZE DEL TURISMO E COMUNITÀ LOCALE;2017;E1501N051;[E1501N051] GEOGRAFIA DEL TURISMO;129;90;69,76744186
E1501N;[E1501N] SCIENZE DEL TURISMO E COMUNITÀ LOCALE;2017;E1501N005;[E1501N005] SOCIOLOGIA GENERALE;137;96;70,0729927
E1501N;[E1501N] SCIENZE DEL TURISMO E COMUNITÀ LOCALE;2017;E1501N082;[E1501N082] ARCHEOLOGIA;42;31;73,80952381
E1501N;[E1501N] SCIENZE DEL TURISMO E COMUNITÀ LOCALE;2017;E1501N011;[E1501N011] SOCIOLOGIA DEL TERRITORIO;108;93;86,11111111
E1501N;[E1501N] SCIENZE DEL TURISMO E COMUNITÀ LOCALE;2017;E1501N009;[E1501N009] SOCIOLOGIA DELLA CULTURA E DEL TEMPO LIBERO;129;129;100
E1601N;[E1601N] SCIENZE DELL'ORGANIZZAZIONE;2016;E1601N050;[E1601N050] LE ORGANIZZAZIONI COMPLESSE;1;0;0
E1601N;[E1601N] SCIENZE DELL'ORGANIZZAZIONE;2016;E1601N049;[E1601N049] ORDINAMENTO E DIRITTO REGIONALE;48;22;45,83333333
E1601N;[E1601N] SCIENZE DELL'ORGANIZZAZIONE;2016;E1601N006;[E1601N006] INGLESE;203;148;72,90640394
E1601N;[E1601N] SCIENZE DELL'ORGANIZZAZIONE;2016;E1601N008;[E1601N008] FONDAMENTI DI ORGANIZZAZIONE;4;3;75
E1601N;[E1601N] SCIENZE DELL'ORGANIZZAZIONE;2016;E1601N043;[E1601N043] RETI DI IMPRESE E TERRITORIO;72;55;76,38888889
E1601N;[E1601N] SCIENZE DELL'ORGANIZZAZIONE;2016;E1601N017;[E1601N017] DIRITTO DEL LAVORO;111;101;90,99099099
E1601N;[E1601N] SCIENZE DELL'ORGANIZZAZIONE;2016;E1601N010;[E1601N010] INNOVAZIONE ORGANIZZATIVA;25;23;92
E1601N;[E1601N] SCIENZE DELL'ORGANIZZAZIONE;2016;E1601N021;[E1601N021] ANTROPOLOGIA ECONOMICA;1;1;100
E1601N;[E1601N] SCIENZE DELL'ORGANIZZAZIONE;2016;E1601N034;[E1601N034] MANAGEMENT DEI SERVIZI PUBBLICI E DELLE ORGANIZZAZIONI NO PROFIT;1;1;100
E1601N;[E1601N] SCIENZE DELL'ORGANIZZAZIONE;2017;E1601N049;[E1601N049] ORDINAMENTO E DIRITTO REGIONALE;142;73;51,4084507
E1601N;[E1601N] SCIENZE DELL'ORGANIZZAZIONE;2017;E1601N006;[E1601N006] INGLESE;159;86;54,08805031
E1601N;[E1601N] SCIENZE DELL'ORGANIZZAZIONE;2017;E1601N043;[E1601N043] RETI DI IMPRESE E TERRITORIO;44;24;54,54545455
E1601N;[E1601N] SCIENZE DELL'ORGANIZZAZIONE;2017;E1601N008;[E1601N008] FONDAMENTI DI ORGANIZZAZIONE;323;198;61,3003096
E1601N;[E1601N] SCIENZE DELL'ORGANIZZAZIONE;2017;E1601N010;[E1601N010] INNOVAZIONE ORGANIZZATIVA;87;64;73,56321839
E1601N;[E1601N] SCIENZE DELL'ORGANIZZAZIONE;2017;E1601N017;[E1601N017] DIRITTO DEL LAVORO;28;24;85,71428571
E1601N;[E1601N] SCIENZE DELL'ORGANIZZAZIONE;2017;E1601N050;[E1601N050] LE ORGANIZZAZIONI COMPLESSE;117;102;87,17948718
E1601N;[E1601N] SCIENZE DELL'ORGANIZZAZIONE;2017;E1601N021;[E1601N021] ANTROPOLOGIA ECONOMICA;98;89;90,81632653
E1601N;[E1601N] SCIENZE DELL'ORGANIZZAZIONE;2017;E1601N034;[E1601N034] MANAGEMENT DEI SERVIZI PUBBLICI E DELLE ORGANIZZAZIONI NO PROFIT;75;75;100
E1801M;[E1801M] MARKETING, COMUNICAZIONE AZIENDALE E MERCATI GLOBALI;2016;E1501N065;[E1501N065] ECONOMIA CULTURALE E AMBIENTALE;6;3;50
E1801M;[E1801M] MARKETING, COMUNICAZIONE AZIENDALE E MERCATI GLOBALI;2016;E4001N053;[E4001N053] ORGANIZZAZIONE E LAVORO;2;1;50
E1801M;[E1801M] MARKETING, COMUNICAZIONE AZIENDALE E MERCATI GLOBALI;2016;E1601N043;[E1601N043] RETI DI IMPRESE E TERRITORIO;5;4;80
E1801M;[E1801M] MARKETING, COMUNICAZIONE AZIENDALE E MERCATI GLOBALI;2017;E1501N065;[E1501N065] ECONOMIA CULTURALE E AMBIENTALE;19;15;78,94736842
E1801M;[E1801M] MARKETING, COMUNICAZIONE AZIENDALE E MERCATI GLOBALI;2017;E4001N053;[E4001N053] ORGANIZZAZIONE E LAVORO;9;8;88,88888889
E1801M;[E1801M] MARKETING, COMUNICAZIONE AZIENDALE E MERCATI GLOBALI;2017;E1601N043;[E1601N043] RETI DI IMPRESE E TERRITORIO;3;3;100
E1901R;[E1901R] SCIENZE DELL'EDUCAZIONE;2016;E1901R096;[E1901R096] TIROCINIO - INSERIMENTO NELLE ORGANIZZAZIONI;1;1;100
E1901R;[E1901R] SCIENZE DELL'EDUCAZIONE;2016;E1901R107;[E1901R107] PEDAGOGIA DEL CORPO;1;1;100
E1901R;[E1901R] SCIENZE DELL'EDUCAZIONE;2017;E2401P029;[E2401P029] TECNICHE DEL COLLOQUIO;3;1;33,33333333
E1901R;[E1901R] SCIENZE DELL'EDUCAZIONE;2017;E1901R107;[E1901R107] PEDAGOGIA DEL CORPO;526;368;69,96197719
E1901R;[E1901R] SCIENZE DELL'EDUCAZIONE;2017;E1901R096;[E1901R096] TIROCINIO - INSERIMENTO NELLE ORGANIZZAZIONI;500;471;94,2
E2001R;[E2001R] COMUNICAZIONE INTERCULTURALE;2016;E2001R004;[E2001R004] ETNOLINGUISTICA;1;0;0
E2001R;[E2001R] COMUNICAZIONE INTERCULTURALE;2016;E2001R005;[E2001R005] SOCIOLOGIA DELLA COMUNICAZIONE;2;2;100
E2001R;[E2001R] COMUNICAZIONE INTERCULTURALE;2016;E2001R014;[E2001R014] LOGICA E FILOSOFIA DELLA SCIENZA;3;3;100
E2001R;[E2001R] COMUNICAZIONE INTERCULTURALE;2016;E4001N067;[E4001N067] CULTURE, DIFFERENZE, CONFLITTI;1;1;100
E2001R;[E2001R] COMUNICAZIONE INTERCULTURALE;2017;E2401P103;[E2401P103] PSICOPATOLOGIA GENERALE;2;0;0
E2001R;[E2001R] COMUNICAZIONE INTERCULTURALE;2017;E2001R004;[E2001R004] ETNOLINGUISTICA;262;136;51,90839695
E2001R;[E2001R] COMUNICAZIONE INTERCULTURALE;2017;E2001R014;[E2001R014] LOGICA E FILOSOFIA DELLA SCIENZA;193;149;77,20207254
E2001R;[E2001R] COMUNICAZIONE INTERCULTURALE;2017;E2001R005;[E2001R005] SOCIOLOGIA DELLA COMUNICAZIONE;182;141;77,47252747
E2001R;[E2001R] COMUNICAZIONE INTERCULTURALE;2017;E4001N067;[E4001N067] CULTURE, DIFFERENZE, CONFLITTI;43;43;100
E2004P;[E2004P] SCIENZE PSICOSOCIALI DELLA COMUNICAZIONE;2016;E2004P008;[E2004P008] APPRENDIMENTO, PENSIERO E DECISIONE;1;0;0
E2004P;[E2004P] SCIENZE PSICOSOCIALI DELLA COMUNICAZIONE;2016;E2004P009;[E2004P009] PSICOLINGUISTICA;1;0;0
E2004P;[E2004P] SCIENZE PSICOSOCIALI DELLA COMUNICAZIONE;2016;E2004P013;[E2004P013] PSICOLOGIA DELL'ARTE;38;20;52,63157895
E2004P;[E2004P] SCIENZE PSICOSOCIALI DELLA COMUNICAZIONE;2016;E2004P019;[E2004P019] COMUNICAZIONE AUDIOVISIVA;12;12;100
E2004P;[E2004P] SCIENZE PSICOSOCIALI DELLA COMUNICAZIONE;2016;E2004P024;[E2004P024] PUBBLICITA';35;35;100
E2004P;[E2004P] SCIENZE PSICOSOCIALI DELLA COMUNICAZIONE;2016;E2004P041;[E2004P041] MALATTIA, SCIENZA, SOCIETA': UN PERCORSO FRA CINEMA E STORIA;6;6;100
E2004P;[E2004P] SCIENZE PSICOSOCIALI DELLA COMUNICAZIONE;2017;E2004P008;[E2004P008] APPRENDIMENTO, PENSIERO E DECISIONE;134;54;40,29850746
E2004P;[E2004P] SCIENZE PSICOSOCIALI DELLA COMUNICAZIONE;2017;E2004P013;[E2004P013] PSICOLOGIA DELL'ARTE;61;25;40,98360656
E2004P;[E2004P] SCIENZE PSICOSOCIALI DELLA COMUNICAZIONE;2017;E2004P009;[E2004P009] PSICOLINGUISTICA;109;94;86,23853211
E2004P;[E2004P] SCIENZE PSICOSOCIALI DELLA COMUNICAZIONE;2017;E2004P019;[E2004P019] COMUNICAZIONE AUDIOVISIVA;2;2;100
E2004P;[E2004P] SCIENZE PSICOSOCIALI DELLA COMUNICAZIONE;2017;E2004P024;[E2004P024] PUBBLICITA';39;39;100
E2004P;[E2004P] SCIENZE PSICOSOCIALI DELLA COMUNICAZIONE;2017;E2004P041;[E2004P041] MALATTIA, SCIENZA, SOCIETA': UN PERCORSO FRA CINEMA E STORIA;2;2;100
E2401P;[E2401P] SCIENZE E TECNICHE PSICOLOGICHE;2015;E2401P013;[E2401P013] PSICOLOGIA DINAMICA;1;1;100
E2401P;[E2401P] SCIENZE E TECNICHE PSICOLOGICHE;2016;A5810070;[A5810070] MEDICINA LEGALE;1;0;0
E2401P;[E2401P] SCIENZE E TECNICHE PSICOLOGICHE;2016;E2401P008;[E2401P008] PSICOLOGIA FISIOLOGICA;1;0;0
E2401P;[E2401P] SCIENZE E TECNICHE PSICOLOGICHE;2016;E2401P103;[E2401P103] PSICOPATOLOGIA GENERALE;2;1;50
E2401P;[E2401P] SCIENZE E TECNICHE PSICOLOGICHE;2016;E2004P013;[E2004P013] PSICOLOGIA DELL'ARTE;9;5;55,55555556
E2401P;[E2401P] SCIENZE E TECNICHE PSICOLOGICHE;2016;E2401P040;[E2401P040] LABORATORIO: METODI DI VALUTAZIONE DELL'INTELLIGENZA VERBALE E NON VERBALE IN ETÀ EVOLUTIVA;150;141;94
E2401P;[E2401P] SCIENZE E TECNICHE PSICOLOGICHE;2016;E2401P039;[E2401P039] LABORATORIO: METODI E TECNICHE DI VALUTAZIONE NEUROPSICOLOGICA;160;158;98,75
E2401P;[E2401P] SCIENZE E TECNICHE PSICOLOGICHE;2016;E2401P029;[E2401P029] TECNICHE DEL COLLOQUIO;1;1;100
E2401P;[E2401P] SCIENZE E TECNICHE PSICOLOGICHE;2016;E2401P038;[E2401P038] LABORATORIO: METODI E TECNICHE DELLA VALUTAZIONE E DELLA PROMOZIONE DEL BENESSERE NELL'AMBITO ORGANIZZATIVO, SCOLASTICO E DELLA SALUTE;40;40;100
E2401P;[E2401P] SCIENZE E TECNICHE PSICOLOGICHE;2016;E2401P049;[E2401P049] LABORATORIO: METODI DI ANALISI DEL FAMILY LIFE SPACE;45;45;100
E2401P;[E2401P] SCIENZE E TECNICHE PSICOLOGICHE;2017;A5810070;[A5810070] MEDICINA LEGALE;1;0;0
E2401P;[E2401P] SCIENZE E TECNICHE PSICOLOGICHE;2017;E2401P013;[E2401P013] PSICOLOGIA DINAMICA;487;287;58,93223819
E2401P;[E2401P] SCIENZE E TECNICHE PSICOLOGICHE;2017;E2401P008;[E2401P008] PSICOLOGIA FISIOLOGICA;439;292;66,51480638
E2401P;[E2401P] SCIENZE E TECNICHE PSICOLOGICHE;2017;E2004P013;[E2004P013] PSICOLOGIA DELL'ARTE;78;54;69,23076923
E2401P;[E2401P] SCIENZE E TECNICHE PSICOLOGICHE;2017;E2401P029;[E2401P029] TECNICHE DEL COLLOQUIO;139;108;77,69784173
E2401P;[E2401P] SCIENZE E TECNICHE PSICOLOGICHE;2017;E2401P103;[E2401P103] PSICOPATOLOGIA GENERALE;406;351;86,45320197
E2401P;[E2401P] SCIENZE E TECNICHE PSICOLOGICHE;2017;E2401P039;[E2401P039] LABORATORIO: METODI E TECNICHE DI VALUTAZIONE NEUROPSICOLOGICA;111;109;98,1981982
E2401P;[E2401P] SCIENZE E TECNICHE PSICOLOGICHE;2017;E2401P038;[E2401P038] LABORATORIO: METODI E TECNICHE DELLA VALUTAZIONE E DELLA PROMOZIONE DEL BENESSERE NELL'AMBITO ORGANIZZATIVO, SCOLASTICO E DELLA SALUTE;97;97;100
E2401P;[E2401P] SCIENZE E TECNICHE PSICOLOGICHE;2017;E2401P040;[E2401P040] LABORATORIO: METODI DI VALUTAZIONE DELL'INTELLIGENZA VERBALE E NON VERBALE IN ETÀ EVOLUTIVA;101;101;100
E2401P;[E2401P] SCIENZE E TECNICHE PSICOLOGICHE;2017;E2401P049;[E2401P049] LABORATORIO: METODI DI ANALISI DEL FAMILY LIFE SPACE;110;110;100
E2701Q;[E2701Q] SCIENZA DEI MATERIALI;2016;E2701Q001;[E2701Q001] MATEMATICA I;6;0;0
E2701Q;[E2701Q] SCIENZA DEI MATERIALI;2016;E2701Q041;[E2701Q041] LABORATORIO DI CHIMICA ORGANICA;1;0;0
E2701Q;[E2701Q] SCIENZA DEI MATERIALI;2016;E2702Q043;[E2702Q043] CONTROLLO AMBIENTALE E SICUREZZA;1;0;0
E2701Q;[E2701Q] SCIENZA DEI MATERIALI;2017;E0201Q055;[E0201Q055] COMPOSTI ORGANICI DI INTERESSE MERCEOLOGICO;3;1;33,33333333
E2701Q;[E2701Q] SCIENZA DEI MATERIALI;2017;E2701Q001;[E2701Q001] MATEMATICA I;77;38;49,35064935
E2701Q;[E2701Q] SCIENZA DEI MATERIALI;2017;E2701Q041;[E2701Q041] LABORATORIO DI CHIMICA ORGANICA;49;35;71,42857143
E2701Q;[E2701Q] SCIENZA DEI MATERIALI;2017;E2702Q043;[E2702Q043] CONTROLLO AMBIENTALE E SICUREZZA;6;5;83,33333333
E2702Q;[E2702Q] SCIENZE E TECNOLOGIE CHIMICHE;2016;E2702Q004;[E2702Q004] FISICA II;1;0;0
E2702Q;[E2702Q] SCIENZE E TECNOLOGIE CHIMICHE;2016;E2702Q097;[E2702Q097] CHIMICA FISICA III E LABORATORIO;1;1;100
E2702Q;[E2702Q] SCIENZE E TECNOLOGIE CHIMICHE;2016;E2702Q099;[E2702Q099] CHIMICA FISICA APPLICATA;1;1;100
E2702Q;[E2702Q] SCIENZE E TECNOLOGIE CHIMICHE;2017;E2702Q004;[E2702Q004] FISICA II;75;51;68
E2702Q;[E2702Q] SCIENZE E TECNOLOGIE CHIMICHE;2017;E2702Q099;[E2702Q099] CHIMICA FISICA APPLICATA;62;45;72,58064516
E2702Q;[E2702Q] SCIENZE E TECNOLOGIE CHIMICHE;2017;E2702Q097;[E2702Q097] CHIMICA FISICA III E LABORATORIO;67;49;73,13432836
E3002Q;[E3002Q] OTTICA E OPTOMETRIA;2016;E0201Q054;[E0201Q054] FARMACOLOGIA;2;0;0
E3002Q;[E3002Q] OTTICA E OPTOMETRIA;2016;E1301Q069;[E1301Q069] FARMACOLOGIA;1;0;0
E3002Q;[E3002Q] OTTICA E OPTOMETRIA;2016;E3002Q002;[E3002Q002] ISTITUZIONI DI MATEMATICA II;1;0;0
E3002Q;[E3002Q] OTTICA E OPTOMETRIA;2016;E1301Q063;[E1301Q063] BOTANICA;1;1;100
E3002Q;[E3002Q] OTTICA E OPTOMETRIA;2016;E3002Q027;[E3002Q027] CHIMICA;1;1;100
E3002Q;[E3002Q] OTTICA E OPTOMETRIA;2017;E1301Q069;[E1301Q069] FARMACOLOGIA;14;7;50
E3002Q;[E3002Q] OTTICA E OPTOMETRIA;2017;E3002Q002;[E3002Q002] ISTITUZIONI DI MATEMATICA II;69;40;57,97101449
E3002Q;[E3002Q] OTTICA E OPTOMETRIA;2017;E0201Q054;[E0201Q054] FARMACOLOGIA;15;9;60
E3002Q;[E3002Q] OTTICA E OPTOMETRIA;2017;E3002Q027;[E3002Q027] CHIMICA;33;21;63,63636364
E3002Q;[E3002Q] OTTICA E OPTOMETRIA;2017;E1301Q063;[E1301Q063] BOTANICA;1;1;100
E3201Q;[E3201Q] SCIENZE E TECNOLOGIE PER L'AMBIENTE;2016;E3201Q001;[E3201Q001] MATEMATICA I;7;0;0
E3201Q;[E3201Q] SCIENZE E TECNOLOGIE PER L'AMBIENTE;2016;E3201Q040;[E3201Q040] MATEMATICA II;1;0;0
E3201Q;[E3201Q] SCIENZE E TECNOLOGIE PER L'AMBIENTE;2016;E3201Q106;[E3201Q106] CHIMICA ANALITICA;1;0;0
E3201Q;[E3201Q] SCIENZE E TECNOLOGIE PER L'AMBIENTE;2017;E3201Q001;[E3201Q001] MATEMATICA I;116;25;21,55172414
E3201Q;[E3201Q] SCIENZE E TECNOLOGIE PER L'AMBIENTE;2017;E3201Q106;[E3201Q106] CHIMICA ANALITICA;72;26;36,11111111
E3201Q;[E3201Q] SCIENZE E TECNOLOGIE PER L'AMBIENTE;2017;E3201Q040;[E3201Q040] MATEMATICA II;77;37;48,05194805
E3301M;[E3301M] ECONOMIA E COMMERCIO;2016;E1501N065;[E1501N065] ECONOMIA CULTURALE E AMBIENTALE;1;0;0
E3301M;[E3301M] ECONOMIA E COMMERCIO;2017;E1501N051;[E1501N051] GEOGRAFIA DEL TURISMO;1;0;0
E3301M;[E3301M] ECONOMIA E COMMERCIO;2017;E1501N065;[E1501N065] ECONOMIA CULTURALE E AMBIENTALE;1;1;100
E3401Q;[E3401Q] SCIENZE E TECNOLOGIE GEOLOGICHE;2016;E3401Q006;[E3401Q006] PALEONTOLOGIA;1;0;0
E3401Q;[E3401Q] SCIENZE E TECNOLOGIE GEOLOGICHE;2016;E1501N082;[E1501N082] ARCHEOLOGIA;1;1;100
E3401Q;[E3401Q] SCIENZE E TECNOLOGIE GEOLOGICHE;2016;E3401Q036;[E3401Q036] RILEVAMENTO GEOLOGICO;1;1;100
E3401Q;[E3401Q] SCIENZE E TECNOLOGIE GEOLOGICHE;2017;E3401Q036;[E3401Q036] RILEVAMENTO GEOLOGICO;91;22;24,17582418
E3401Q;[E3401Q] SCIENZE E TECNOLOGIE GEOLOGICHE;2017;E3401Q006;[E3401Q006] PALEONTOLOGIA;79;61;77,21518987
E3501Q;[E3501Q] MATEMATICA;2016;E3501Q008;[E3501Q008] ANALISI MATEMATICA II;3;0;0
E3501Q;[E3501Q] MATEMATICA;2016;E3501Q011;[E3501Q011] GEOMETRIA II;2;0;0
E3501Q;[E3501Q] MATEMATICA;2016;E3501Q064;[E3501Q064] CALCOLO NUMERICO;1;0;0
E3501Q;[E3501Q] MATEMATICA;2016;E3501Q053;[E3501Q053] TEORIA DELLA MISURA;2;1;50
E3501Q;[E3501Q] MATEMATICA;2017;E3501Q064;[E3501Q064] CALCOLO NUMERICO;38;18;47,36842105
E3501Q;[E3501Q] MATEMATICA;2017;E3501Q008;[E3501Q008] ANALISI MATEMATICA II;29;20;68,96551724
E3501Q;[E3501Q] MATEMATICA;2017;E3501Q053;[E3501Q053] TEORIA DELLA MISURA;35;26;74,28571429
E3501Q;[E3501Q] MATEMATICA;2017;E3501Q011;[E3501Q011] GEOMETRIA II;27;25;92,59259259
E3901N;[E3901N] SERVIZIO SOCIALE;2016;E3901N028;[E3901N028] PSICOLOGIA DELLO SVILUPPO;1;0;0
E3901N;[E3901N] SERVIZIO SOCIALE;2016;E3901N003;[E3901N003] ISTITUZIONI DI DIRITTO PUBBLICO;34;13;38,23529412
E3901N;[E3901N] SERVIZIO SOCIALE;2016;E3901N030;[E3901N030] SOCIOLOGIA DELLA DEVIANZA;32;20;62,5
E3901N;[E3901N] SERVIZIO SOCIALE;2016;E3901N012;[E3901N012] DIRITTO PRIVATO E DI FAMIGLIA;5;4;80
E3901N;[E3901N] SERVIZIO SOCIALE;2016;E3901N004;[E3901N004] PSICOLOGIA SOCIALE II;34;30;88,23529412
E3901N;[E3901N] SERVIZIO SOCIALE;2016;E3901N013;[E3901N013] DIRITTO DELLA SICUREZZA SOCIALE;62;55;88,70967742
E3901N;[E3901N] SERVIZIO SOCIALE;2016;E3901N018;[E3901N018] ORGANIZZAZIONE DEI SERVIZI SOCIALI;35;33;94,28571429
E3901N;[E3901N] SERVIZIO SOCIALE;2016;E3901N037;[E3901N037] INCLUSIONE SOCIALE, RETI E WELFARE;38;37;97,36842105
E3901N;[E3901N] SERVIZIO SOCIALE;2016;E3901N005;[E3901N005] ECONOMIA POLITICA;54;54;100
E3901N;[E3901N] SERVIZIO SOCIALE;2016;E3901N007;[E3901N007] FILOSOFIA POLITICA;27;27;100
E3901N;[E3901N] SERVIZIO SOCIALE;2017;E3901N028;[E3901N028] PSICOLOGIA DELLO SVILUPPO;191;61;31,93717277
E3901N;[E3901N] SERVIZIO SOCIALE;2017;E3901N003;[E3901N003] ISTITUZIONI DI DIRITTO PUBBLICO;145;56;38,62068966
E3901N;[E3901N] SERVIZIO SOCIALE;2017;E3901N013;[E3901N013] DIRITTO DELLA SICUREZZA SOCIALE;39;28;71,79487179
E3901N;[E3901N] SERVIZIO SOCIALE;2017;E3901N004;[E3901N004] PSICOLOGIA SOCIALE II;73;53;72,60273973
E3901N;[E3901N] SERVIZIO SOCIALE;2017;E3901N030;[E3901N030] SOCIOLOGIA DELLA DEVIANZA;80;60;75
E3901N;[E3901N] SERVIZIO SOCIALE;2017;E3901N012;[E3901N012] DIRITTO PRIVATO E DI FAMIGLIA;49;40;81,63265306
E3901N;[E3901N] SERVIZIO SOCIALE;2017;E3901N037;[E3901N037] INCLUSIONE SOCIALE, RETI E WELFARE;34;29;85,29411765
E3901N;[E3901N] SERVIZIO SOCIALE;2017;E3901N007;[E3901N007] FILOSOFIA POLITICA;45;42;93,33333333
E3901N;[E3901N] SERVIZIO SOCIALE;2017;E3901N018;[E3901N018] ORGANIZZAZIONE DEI SERVIZI SOCIALI;43;41;95,34883721
E3901N;[E3901N] SERVIZIO SOCIALE;2017;E3901N005;[E3901N005] ECONOMIA POLITICA;33;33;100
E4001N;[E4001N] SOCIOLOGIA;2016;E4001N047;[E4001N047] SOCIOLOGIA 2;58;0;0
E4001N;[E4001N] SOCIOLOGIA;2016;E4001N055;[E4001N055] LA COMUNICAZIONE: PRODUZIONE E CONSUMO;1;0;0
E4001N;[E4001N] SOCIOLOGIA;2016;E4001N053;[E4001N053] ORGANIZZAZIONE E LAVORO;61;34;55,73770492
E4001N;[E4001N] SOCIOLOGIA;2016;E4001N059;[E4001N059] SOCIOLOGIA DELLO SVILUPPO;16;9;56,25
E4001N;[E4001N] SOCIOLOGIA;2016;E4001N014;[E4001N014] PSICOLOGIA SOCIALE;132;97;73,48484848
E4001N;[E4001N] SOCIOLOGIA;2016;A5810055;[A5810055] DIRITTO DI FAMIGLIA;4;3;75
E4001N;[E4001N] SOCIOLOGIA;2016;E4001N051;[E4001N051] ANTROPOLOGIA;102;77;75,49019608
E4001N;[E4001N] SOCIOLOGIA;2016;E4001N056;[E4001N056] NUOVI SOGGETTI URBANI;67;59;88,05970149
E4001N;[E4001N] SOCIOLOGIA;2016;E1501N009;[E1501N009] SOCIOLOGIA DELLA CULTURA E DEL TEMPO LIBERO;1;1;100
E4001N;[E4001N] SOCIOLOGIA;2016;E3901N030;[E3901N030] SOCIOLOGIA DELLA DEVIANZA;1;1;100
E4001N;[E4001N] SOCIOLOGIA;2017;E4001N047;[E4001N047] SOCIOLOGIA 2;256;118;46,09375
E4001N;[E4001N] SOCIOLOGIA;2017;E4001N059;[E4001N059] SOCIOLOGIA DELLO SVILUPPO;30;16;53,33333333
E4001N;[E4001N] SOCIOLOGIA;2017;E4001N053;[E4001N053] ORGANIZZAZIONE E LAVORO;153;87;56,8627451
E4001N;[E4001N] SOCIOLOGIA;2017;E4001N051;[E4001N051] ANTROPOLOGIA;95;63;66,31578947
E4001N;[E4001N] SOCIOLOGIA;2017;E4001N056;[E4001N056] NUOVI SOGGETTI URBANI;38;26;68,42105263
E4001N;[E4001N] SOCIOLOGIA;2017;E4001N055;[E4001N055] LA COMUNICAZIONE: PRODUZIONE E CONSUMO;124;86;69,35483871
E4001N;[E4001N] SOCIOLOGIA;2017;E4001N014;[E4001N014] PSICOLOGIA SOCIALE;199;169;84,92462312
E4001N;[E4001N] SOCIOLOGIA;2017;A5810055;[A5810055] DIRITTO DI FAMIGLIA;1;1;100
E4001N;[E4001N] SOCIOLOGIA;2017;E1501N009;[E1501N009] SOCIOLOGIA DELLA CULTURA E DEL TEMPO LIBERO;5;5;100
E4001N;[E4001N] SOCIOLOGIA;2017;E3901N030;[E3901N030] SOCIOLOGIA DELLA DEVIANZA;3;3;100
E4101B;[E4101B] SCIENZE STATISTICHE ED ECONOMICHE;2016;E4101B023;[E4101B023] ECONOMIA INDUSTRIALE;41;13;31,70731707
E4101B;[E4101B] SCIENZE STATISTICHE ED ECONOMICHE;2016;E4101B020;[E4101B020] FINANZA AZIENDALE;30;11;36,66666667
E4101B;[E4101B] SCIENZE STATISTICHE ED ECONOMICHE;2016;E4102B073;[E4102B073] ELEMENTI DI BIOSTATISTICA;2;1;50
E4101B;[E4101B] SCIENZE STATISTICHE ED ECONOMICHE;2016;E4101B005;[E4101B005] STATISTICA I;97;53;54,63917526
E4101B;[E4101B] SCIENZE STATISTICHE ED ECONOMICHE;2016;E4101B009;[E4101B009] ANALISI MATEMATICA II;40;27;67,5
E4101B;[E4101B] SCIENZE STATISTICHE ED ECONOMICHE;2016;E4101B041;[E4101B041] STATISTICA COMPUTAZIONALE;15;11;73,33333333
E4101B;[E4101B] SCIENZE STATISTICHE ED ECONOMICHE;2017;E4101B023;[E4101B023] ECONOMIA INDUSTRIALE;90;41;45,55555556
E4101B;[E4101B] SCIENZE STATISTICHE ED ECONOMICHE;2017;E4101B005;[E4101B005] STATISTICA I;113;54;47,78761062
E4101B;[E4101B] SCIENZE STATISTICHE ED ECONOMICHE;2017;E4101B020;[E4101B020] FINANZA AZIENDALE;69;38;55,07246377
E4101B;[E4101B] SCIENZE STATISTICHE ED ECONOMICHE;2017;E4101B009;[E4101B009] ANALISI MATEMATICA II;40;23;57,5
E4101B;[E4101B] SCIENZE STATISTICHE ED ECONOMICHE;2017;E4101B041;[E4101B041] STATISTICA COMPUTAZIONALE;10;7;70
E4101B;[E4101B] SCIENZE STATISTICHE ED ECONOMICHE;2017;E4102B073;[E4102B073] ELEMENTI DI BIOSTATISTICA;1;1;100
E4102B;[E4102B] STATISTICA E GESTIONE DELLE INFORMAZIONI;2016;E4102B006;[E4102B006] CALCOLO DELLE PROBABILITÀ;1;0;0
E4102B;[E4102B] STATISTICA E GESTIONE DELLE INFORMAZIONI;2016;E4102B005;[E4102B005] STATISTICA I;99;21;21,21212121
E4102B;[E4102B] STATISTICA E GESTIONE DELLE INFORMAZIONI;2016;E4102B009;[E4102B009] ANALISI MATEMATICA II;28;12;42,85714286
E4102B;[E4102B] STATISTICA E GESTIONE DELLE INFORMAZIONI;2016;E4102B063;[E4102B063] STATISTICA I - COMPLEMENTI;31;26;83,87096774
E4102B;[E4102B] STATISTICA E GESTIONE DELLE INFORMAZIONI;2016;E4101B023;[E4101B023] ECONOMIA INDUSTRIALE;1;1;100
E4102B;[E4102B] STATISTICA E GESTIONE DELLE INFORMAZIONI;2016;E4102B025;[E4102B025] DEMOGRAFIA SOCIALE (PAESI IN VIA DI SVILUPPO);6;6;100
E4102B;[E4102B] STATISTICA E GESTIONE DELLE INFORMAZIONI;2016;E4102B073;[E4102B073] ELEMENTI DI BIOSTATISTICA;6;6;100
E4102B;[E4102B] STATISTICA E GESTIONE DELLE INFORMAZIONI;2017;E4102B005;[E4102B005] STATISTICA I;165;44;26,66666667
E4102B;[E4102B] STATISTICA E GESTIONE DELLE INFORMAZIONI;2017;E4102B009;[E4102B009] ANALISI MATEMATICA II;44;19;43,18181818
E4102B;[E4102B] STATISTICA E GESTIONE DELLE INFORMAZIONI;2017;E4102B006;[E4102B006] CALCOLO DELLE PROBABILITÀ;92;44;47,82608696
E4102B;[E4102B] STATISTICA E GESTIONE DELLE INFORMAZIONI;2017;E4102B025;[E4102B025] DEMOGRAFIA SOCIALE (PAESI IN VIA DI SVILUPPO);6;4;66,66666667
E4102B;[E4102B] STATISTICA E GESTIONE DELLE INFORMAZIONI;2017;E4102B063;[E4102B063] STATISTICA I - COMPLEMENTI;24;17;70,83333333
E4102B;[E4102B] STATISTICA E GESTIONE DELLE INFORMAZIONI;2017;E4102B073;[E4102B073] ELEMENTI DI BIOSTATISTICA;8;7;87,5
F0601Q;[F0601Q] BIOLOGIA;2016;F0601Q050;[F0601Q050] METODOLOGIE BIOCHIMICHE;2;0;0
F0601Q;[F0601Q] BIOLOGIA;2016;F0601Q056;[F0601Q056] FARMACOLOGIA DEI CHEMIOTERAPICI;4;4;100
F0601Q;[F0601Q] BIOLOGIA;2016;F0601Q062;[F0601Q062] NEUROSCIENZE;3;3;100
F0601Q;[F0601Q] BIOLOGIA;2016;F0601Q074;[F0601Q074] REGOLAZIONE GENICA E PATOLOGIA UMANA;4;4;100
F0601Q;[F0601Q] BIOLOGIA;2016;F0601Q075;[F0601Q075] GENETICA UMANA;1;1;100
F0601Q;[F0601Q] BIOLOGIA;2016;F0901D039;[F0901D039] BIOTECHNOLOGY APPLICATIONS IN THERAPY;1;1;100
F0601Q;[F0601Q] BIOLOGIA;2017;A5810070;[A5810070] MEDICINA LEGALE;2;0;0
F0601Q;[F0601Q] BIOLOGIA;2017;F0601Q075;[F0601Q075] GENETICA UMANA;8;5;62,5
F0601Q;[F0601Q] BIOLOGIA;2017;F0601Q050;[F0601Q050] METODOLOGIE BIOCHIMICHE;66;43;65,15151515
F0601Q;[F0601Q] BIOLOGIA;2017;F0601Q056;[F0601Q056] FARMACOLOGIA DEI CHEMIOTERAPICI;42;31;73,80952381
F0601Q;[F0601Q] BIOLOGIA;2017;F0601Q062;[F0601Q062] NEUROSCIENZE;18;15;83,33333333
F0601Q;[F0601Q] BIOLOGIA;2017;F0601Q074;[F0601Q074] REGOLAZIONE GENICA E PATOLOGIA UMANA;2;2;100
F0802Q;[F0802Q] BIOTECNOLOGIE INDUSTRIALI;2016;F0802Q041;[F0802Q041] CHIMICA ORGANICA APPLICATA ALLE BIOTECNOLOGIE;19;12;63,15789474
F0802Q;[F0802Q] BIOTECNOLOGIE INDUSTRIALI;2017;F0802Q041;[F0802Q041] CHIMICA ORGANICA APPLICATA ALLE BIOTECNOLOGIE;63;42;66,66666667
F0901D;[F0901D] BIOTECNOLOGIE MEDICHE;2016;F0901D034;[F0901D034] LA GENETICA NELLA PRATICA CLINICA;36;17;47,22222222
F0901D;[F0901D] BIOTECNOLOGIE MEDICHE;2016;F0901D039;[F0901D039] BIOTECHNOLOGY APPLICATIONS IN THERAPY;10;7;70
F0901D;[F0901D] BIOTECNOLOGIE MEDICHE;2017;F0901D039;[F0901D039] BIOTECHNOLOGY APPLICATIONS IN THERAPY;29;15;51,72413793
F0901D;[F0901D] BIOTECNOLOGIE MEDICHE;2017;F0901D034;[F0901D034] LA GENETICA NELLA PRATICA CLINICA;12;10;83,33333333
F1601M;[F1601M] ECONOMIA E FINANZA;2017;F5102P019;[F5102P019] PSICOLOGIA DELLE CONDOTTE FINANZIARIE;12;5;41,66666667
F1701Q;[F1701Q] FISICA;2017;F0601Q062;[F0601Q062] NEUROSCIENZE;2;1;50
F4901N;[F4901N] TURISMO, TERRITORIO E SVILUPPO LOCALE;2016;F4901N015;[F4901N015] RELAZIONI INTERCULTURALI;1;0;0
F4901N;[F4901N] TURISMO, TERRITORIO E SVILUPPO LOCALE;2016;F4901N009;[F4901N009] GEOGRAFIA;31;11;35,48387097
F4901N;[F4901N] TURISMO, TERRITORIO E SVILUPPO LOCALE;2016;F4901N074;[F4901N074] GEOGRAFIA DEGLI SPAZI EXTRAEUROPEI;5;4;80
F4901N;[F4901N] TURISMO, TERRITORIO E SVILUPPO LOCALE;2016;F4901N004;[F4901N004] STORIA DELLE POLITICHE CULTURALI;1;1;100
F4901N;[F4901N] TURISMO, TERRITORIO E SVILUPPO LOCALE;2016;F4901N013;[F4901N013] POLITICHE PER LO SVILUPPO RURALE;7;7;100
F4901N;[F4901N] TURISMO, TERRITORIO E SVILUPPO LOCALE;2016;F4901N066;[F4901N066] TURISTI E SCENARI TURISTICI;10;10;100
F4901N;[F4901N] TURISMO, TERRITORIO E SVILUPPO LOCALE;2017;F4901N009;[F4901N009] GEOGRAFIA;55;33;60
F4901N;[F4901N] TURISMO, TERRITORIO E SVILUPPO LOCALE;2017;F4901N015;[F4901N015] RELAZIONI INTERCULTURALI;12;8;66,66666667
F4901N;[F4901N] TURISMO, TERRITORIO E SVILUPPO LOCALE;2017;F4901N004;[F4901N004] STORIA DELLE POLITICHE CULTURALI;48;34;70,83333333
F4901N;[F4901N] TURISMO, TERRITORIO E SVILUPPO LOCALE;2017;F4901N074;[F4901N074] GEOGRAFIA DEGLI SPAZI EXTRAEUROPEI;6;5;83,33333333
F4901N;[F4901N] TURISMO, TERRITORIO E SVILUPPO LOCALE;2017;F4901N066;[F4901N066] TURISTI E SCENARI TURISTICI;10;9;90
F4901N;[F4901N] TURISMO, TERRITORIO E SVILUPPO LOCALE;2017;F4901N013;[F4901N013] POLITICHE PER LO SVILUPPO RURALE;3;3;100
F5101P;[F5101P] PSICOLOGIA CLINICA, DELLO SVILUPPO E NEUROPSICOLOGIA;2016;F5101P139;[F5101P139] PSICOLOGIA DELLA SALUTE E INTERVENTI CLINICI IN AMBITO SANITARIO;76;43;56,57894737
F5101P;[F5101P] PSICOLOGIA CLINICA, DELLO SVILUPPO E NEUROPSICOLOGIA;2016;F5101P109;[F5101P109] LABORATORIO: INTERVENTI RESIDENZIALI IN COMUNITA' TERAPEUTICHE PER ADULTI E MINORI;56;55;98,21428571
F5101P;[F5101P] PSICOLOGIA CLINICA, DELLO SVILUPPO E NEUROPSICOLOGIA;2016;F5101P039;[F5101P039] LABORATORIO: LA VALUTAZIONE DIAGNOSTICA IN ETÀ EVOLUTIVA;30;30;100
F5101P;[F5101P] PSICOLOGIA CLINICA, DELLO SVILUPPO E NEUROPSICOLOGIA;2016;F5101P108;[F5101P108] LABORATORIO: INTERVISTE CLINICHE PER LA DIAGNOSI DI PERSONALITA' PATOLOGICA;39;39;100
F5101P;[F5101P] PSICOLOGIA CLINICA, DELLO SVILUPPO E NEUROPSICOLOGIA;2016;F5101P121;[F5101P121] NEUROPSICOLOGIA DELLO SVILUPPO;1;1;100
F5101P;[F5101P] PSICOLOGIA CLINICA, DELLO SVILUPPO E NEUROPSICOLOGIA;2016;F5101P129;[F5101P129] LABORATORIO: LA VALUTAZIONE DEL FUNZIONAMENTO RELAZIONALE;31;31;100
F5101P;[F5101P] PSICOLOGIA CLINICA, DELLO SVILUPPO E NEUROPSICOLOGIA;2016;F5101P132;[F5101P132] LABORATORIO: MEDIAZIONE FAMILIARE;42;42;100
F5101P;[F5101P] PSICOLOGIA CLINICA, DELLO SVILUPPO E NEUROPSICOLOGIA;2016;F5101P141;[F5101P141] LABORATORIO: STRUMENTI DI VALUTAZIONE DELLE COMPETENZE E DEI DISTURBI COGNITIVI DELLO SVILUPPO;22;22;100
F5101P;[F5101P] PSICOLOGIA CLINICA, DELLO SVILUPPO E NEUROPSICOLOGIA;2016;F5101P143;[F5101P143] LABORATORIO: METODI STRUMENTALI NELLE NEUROSCIENZE COGNITIVE;22;22;100
F5101P;[F5101P] PSICOLOGIA CLINICA, DELLO SVILUPPO E NEUROPSICOLOGIA;2017;F5101P143;[F5101P143] LABORATORIO: METODI STRUMENTALI NELLE NEUROSCIENZE COGNITIVE;1;0;0
F5101P;[F5101P] PSICOLOGIA CLINICA, DELLO SVILUPPO E NEUROPSICOLOGIA;2017;F5101P129;[F5101P129] LABORATORIO: LA VALUTAZIONE DEL FUNZIONAMENTO RELAZIONALE;4;2;50
F5101P;[F5101P] PSICOLOGIA CLINICA, DELLO SVILUPPO E NEUROPSICOLOGIA;2017;F5101P139;[F5101P139] PSICOLOGIA DELLA SALUTE E INTERVENTI CLINICI IN AMBITO SANITARIO;118;73;61,86440678
F5101P;[F5101P] PSICOLOGIA CLINICA, DELLO SVILUPPO E NEUROPSICOLOGIA;2017;F5101P121;[F5101P121] NEUROPSICOLOGIA DELLO SVILUPPO;77;59;76,62337662
F5101P;[F5101P] PSICOLOGIA CLINICA, DELLO SVILUPPO E NEUROPSICOLOGIA;2017;F5101P039;[F5101P039] LABORATORIO: LA VALUTAZIONE DIAGNOSTICA IN ETÀ EVOLUTIVA;11;11;100
F5101P;[F5101P] PSICOLOGIA CLINICA, DELLO SVILUPPO E NEUROPSICOLOGIA;2017;F5101P108;[F5101P108] LABORATORIO: INTERVISTE CLINICHE PER LA DIAGNOSI DI PERSONALITA' PATOLOGICA;25;25;100
F5101P;[F5101P] PSICOLOGIA CLINICA, DELLO SVILUPPO E NEUROPSICOLOGIA;2017;F5101P109;[F5101P109] LABORATORIO: INTERVENTI RESIDENZIALI IN COMUNITA' TERAPEUTICHE PER ADULTI E MINORI;21;21;100
F5101P;[F5101P] PSICOLOGIA CLINICA, DELLO SVILUPPO E NEUROPSICOLOGIA;2017;F5101P132;[F5101P132] LABORATORIO: MEDIAZIONE FAMILIARE;13;13;100
F5101P;[F5101P] PSICOLOGIA CLINICA, DELLO SVILUPPO E NEUROPSICOLOGIA;2017;F5101P141;[F5101P141] LABORATORIO: STRUMENTI DI VALUTAZIONE DELLE COMPETENZE E DEI DISTURBI COGNITIVI DELLO SVILUPPO;2;2;100
F5102P;[F5102P] PSICOLOGIA DEI PROCESSI SOCIALI, DECISIONALI E DEI COMPORTAMENTI ECONOMICI;2016;F5102P019;[F5102P019] PSICOLOGIA DELLE CONDOTTE FINANZIARIE;3;2;66,66666667
F5102P;[F5102P] PSICOLOGIA DEI PROCESSI SOCIALI, DECISIONALI E DEI COMPORTAMENTI ECONOMICI;2016;F5102P004;[F5102P004] COGNIZIONE SOCIALE;3;3;100
F5102P;[F5102P] PSICOLOGIA DEI PROCESSI SOCIALI, DECISIONALI E DEI COMPORTAMENTI ECONOMICI;2016;F5102P012;[F5102P012] COMUNICAZIONE NELLE ORGANIZZAZIONE E COMUNICAZIONE SOCIALE;1;1;100
F5102P;[F5102P] PSICOLOGIA DEI PROCESSI SOCIALI, DECISIONALI E DEI COMPORTAMENTI ECONOMICI;2016;F5102P014;[F5102P014] PROCESSI MOTIVAZIONALI E DECISION MAKING;1;1;100
F5102P;[F5102P] PSICOLOGIA DEI PROCESSI SOCIALI, DECISIONALI E DEI COMPORTAMENTI ECONOMICI;2016;F5102P015;[F5102P015] PSICOLOGIA DELLE INFLUENZE SOCIALI;1;1;100
F5102P;[F5102P] PSICOLOGIA DEI PROCESSI SOCIALI, DECISIONALI E DEI COMPORTAMENTI ECONOMICI;2016;F5102P016;[F5102P016] ATTEGGIAMENTI E OPINIONI;1;1;100
F5102P;[F5102P] PSICOLOGIA DEI PROCESSI SOCIALI, DECISIONALI E DEI COMPORTAMENTI ECONOMICI;2016;F5102P017;[F5102P017] PSICOLOGIA DEI CONSUMI;4;4;100
F5102P;[F5102P] PSICOLOGIA DEI PROCESSI SOCIALI, DECISIONALI E DEI COMPORTAMENTI ECONOMICI;2016;F5102P023;[F5102P023] PSICOLOGIA DELLE DIFFERENZE E DELLE DISEGUAGLIANZE;1;1;100
F5102P;[F5102P] PSICOLOGIA DEI PROCESSI SOCIALI, DECISIONALI E DEI COMPORTAMENTI ECONOMICI;2017;F5102P017;[F5102P017] PSICOLOGIA DEI CONSUMI;92;40;43,47826087
F5102P;[F5102P] PSICOLOGIA DEI PROCESSI SOCIALI, DECISIONALI E DEI COMPORTAMENTI ECONOMICI;2017;F5102P014;[F5102P014] PROCESSI MOTIVAZIONALI E DECISION MAKING;31;17;54,83870968
F5102P;[F5102P] PSICOLOGIA DEI PROCESSI SOCIALI, DECISIONALI E DEI COMPORTAMENTI ECONOMICI;2017;F5102P012;[F5102P012] COMUNICAZIONE NELLE ORGANIZZAZIONE E COMUNICAZIONE SOCIALE;97;65;67,01030928
F5102P;[F5102P] PSICOLOGIA DEI PROCESSI SOCIALI, DECISIONALI E DEI COMPORTAMENTI ECONOMICI;2017;F5102P015;[F5102P015] PSICOLOGIA DELLE INFLUENZE SOCIALI;23;17;73,91304348
F5102P;[F5102P] PSICOLOGIA DEI PROCESSI SOCIALI, DECISIONALI E DEI COMPORTAMENTI ECONOMICI;2017;F5102P019;[F5102P019] PSICOLOGIA DELLE CONDOTTE FINANZIARIE;72;56;77,77777778
F5102P;[F5102P] PSICOLOGIA DEI PROCESSI SOCIALI, DECISIONALI E DEI COMPORTAMENTI ECONOMICI;2017;F5102P004;[F5102P004] COGNIZIONE SOCIALE;7;6;85,71428571
F5102P;[F5102P] PSICOLOGIA DEI PROCESSI SOCIALI, DECISIONALI E DEI COMPORTAMENTI ECONOMICI;2017;F5102P023;[F5102P023] PSICOLOGIA DELLE DIFFERENZE E DELLE DISEGUAGLIANZE;13;12;92,30769231
F5102P;[F5102P] PSICOLOGIA DEI PROCESSI SOCIALI, DECISIONALI E DEI COMPORTAMENTI ECONOMICI;2017;F5102P016;[F5102P016] ATTEGGIAMENTI E OPINIONI;14;14;100
F5103P;[F5103P] PSICOLOGIA DELLO SVILUPPO E DEI PROCESSI EDUCATIVI;2016;F5101P139;[F5101P139] PSICOLOGIA DELLA SALUTE E INTERVENTI CLINICI IN AMBITO SANITARIO;5;2;40
F5103P;[F5103P] PSICOLOGIA DELLO SVILUPPO E DEI PROCESSI EDUCATIVI;2016;F5103P006;[F5103P006] PSICOLOGIA DELLA DISABILITÀ E DELLA INTEGRAZIONE SCOLASTICA;2;1;50
F5103P;[F5103P] PSICOLOGIA DELLO SVILUPPO E DEI PROCESSI EDUCATIVI;2016;F5103P002;[F5103P002] METODI DI RICERCA E VALUTAZIONE IN PSICOLOGIA DELLO SVILUPPO;1;1;100
F5103P;[F5103P] PSICOLOGIA DELLO SVILUPPO E DEI PROCESSI EDUCATIVI;2016;F5103P062;[F5103P062] ECOLOGIA DELLO SVILUPPO;2;2;100
F5103P;[F5103P] PSICOLOGIA DELLO SVILUPPO E DEI PROCESSI EDUCATIVI;2016;F5103P074;[F5103P074] LABORATORIO: LA VALUTAZIONE DIAGNOSTICA IN ETA' EVOLUTIVA;1;1;100
F5103P;[F5103P] PSICOLOGIA DELLO SVILUPPO E DEI PROCESSI EDUCATIVI;2017;F5101P139;[F5101P139] PSICOLOGIA DELLA SALUTE E INTERVENTI CLINICI IN AMBITO SANITARIO;7;4;57,14285714
F5103P;[F5103P] PSICOLOGIA DELLO SVILUPPO E DEI PROCESSI EDUCATIVI;2017;F5103P062;[F5103P062] ECOLOGIA DELLO SVILUPPO;61;47;77,04918033
F5103P;[F5103P] PSICOLOGIA DELLO SVILUPPO E DEI PROCESSI EDUCATIVI;2017;F5103P002;[F5103P002] METODI DI RICERCA E VALUTAZIONE IN PSICOLOGIA DELLO SVILUPPO;104;85;81,73076923
F5103P;[F5103P] PSICOLOGIA DELLO SVILUPPO E DEI PROCESSI EDUCATIVI;2017;F5103P006;[F5103P006] PSICOLOGIA DELLA DISABILITÀ E DELLA INTEGRAZIONE SCOLASTICA;65;65;100
F5103P;[F5103P] PSICOLOGIA DELLO SVILUPPO E DEI PROCESSI EDUCATIVI;2017;F5103P074;[F5103P074] LABORATORIO: LA VALUTAZIONE DIAGNOSTICA IN ETA' EVOLUTIVA;16;16;100
F5104P;[F5104P] PSICOLOGIA CLINICA E NEUROPSICOLOGIA NEL CICLO DI VITA;2017;F5103P062;[F5103P062] ECOLOGIA DELLO SVILUPPO;1;0;0
F5301Q;[F5301Q] SCIENZA DEI MATERIALI;2016;F5301Q008;[F5301Q008] ANALISI FUNZIONALE;15;11;73,33333333
F5301Q;[F5301Q] SCIENZA DEI MATERIALI;2017;F5301Q008;[F5301Q008] ANALISI FUNZIONALE;11;6;54,54545455
F5701R;[F5701R] FORMAZIONE E SVILUPPO DELLE RISORSE UMANE;2017;F5102P017;[F5102P017] PSICOLOGIA DEI CONSUMI;2;0;0
F5801Q;[F5801Q] ASTROFISICA E FISICA DELLO SPAZIO;2016;F5801Q045;[F5801Q045] COSMOLOGIA;1;1;100
F5801Q;[F5801Q] ASTROFISICA E FISICA DELLO SPAZIO;2017;F5801Q045;[F5801Q045] COSMOLOGIA;9;4;44,44444444
F6302N;[F6302N] MANAGEMENT E DESIGN DEI SERVIZI;2016;F6302N001;[F6302N001] CAMBIAMENTO ORGANIZZATIVO;1;0;0
F6302N;[F6302N] MANAGEMENT E DESIGN DEI SERVIZI;2016;F6302N014;[F6302N014] DIRITTO AMMINISTRATIVO EUROPEO;5;0;0
F6302N;[F6302N] MANAGEMENT E DESIGN DEI SERVIZI;2016;F6302N015;[F6302N015] METODOLOGIE PER LA COSTRUZIONE DI SCENARI SOCIALI;1;0;0
F6302N;[F6302N] MANAGEMENT E DESIGN DEI SERVIZI;2016;F6302N023;[F6302N023] LE POLITICHE PER LA SALUTE;35;34;97,14285714
F6302N;[F6302N] MANAGEMENT E DESIGN DEI SERVIZI;2016;A5810032;[A5810032] SOCIOLOGIA DEL DIRITTO;1;1;100
F6302N;[F6302N] MANAGEMENT E DESIGN DEI SERVIZI;2016;F6302N002;[F6302N002] CAPITALE SOCIALE E SISTEMI SOCIOECONOMICI LOCALI;1;1;100
F6302N;[F6302N] MANAGEMENT E DESIGN DEI SERVIZI;2016;F6302N009;[F6302N009] CAPITALE UMANO E SVILUPPO AZIENDALE;1;1;100
F6302N;[F6302N] MANAGEMENT E DESIGN DEI SERVIZI;2017;A5810032;[A5810032] SOCIOLOGIA DEL DIRITTO;2;0;0
F6302N;[F6302N] MANAGEMENT E DESIGN DEI SERVIZI;2017;F6302N001;[F6302N001] CAMBIAMENTO ORGANIZZATIVO;120;80;66,66666667
F6302N;[F6302N] MANAGEMENT E DESIGN DEI SERVIZI;2017;F6302N023;[F6302N023] LE POLITICHE PER LA SALUTE;6;5;83,33333333
F6302N;[F6302N] MANAGEMENT E DESIGN DEI SERVIZI;2017;F6302N015;[F6302N015] METODOLOGIE PER LA COSTRUZIONE DI SCENARI SOCIALI;45;40;88,88888889
F6302N;[F6302N] MANAGEMENT E DESIGN DEI SERVIZI;2017;F6302N014;[F6302N014] DIRITTO AMMINISTRATIVO EUROPEO;33;30;90,90909091
F6302N;[F6302N] MANAGEMENT E DESIGN DEI SERVIZI;2017;F6302N002;[F6302N002] CAPITALE SOCIALE E SISTEMI SOCIOECONOMICI LOCALI;95;87;91,57894737
F6302N;[F6302N] MANAGEMENT E DESIGN DEI SERVIZI;2017;F6302N009;[F6302N009] CAPITALE UMANO E SVILUPPO AZIENDALE;58;57;98,27586207
F7401Q;[F7401Q] SCIENZE E TECNOLOGIE GEOLOGICHE;2016;F7401Q082;[F7401Q082] BIOFACIES;1;0;0
F7401Q;[F7401Q] SCIENZE E TECNOLOGIE GEOLOGICHE;2017;F7401Q082;[F7401Q082] BIOFACIES;4;2;50
F7501Q;[F7501Q] SCIENZE E TECNOLOGIE PER L'AMBIENTE E IL TERRITORIO;2016;F7501Q089;[F7501Q089] ECOLOGIA E GESTIONE DELLE ACQUE INTERNE;2;1;50
F7501Q;[F7501Q] SCIENZE E TECNOLOGIE PER L'AMBIENTE E IL TERRITORIO;2016;F7501Q084;[F7501Q084] CAMBIAMENTI CLIMATICI;3;2;66,66666667
F7501Q;[F7501Q] SCIENZE E TECNOLOGIE PER L'AMBIENTE E IL TERRITORIO;2017;F7501Q089;[F7501Q089] ECOLOGIA E GESTIONE DELLE ACQUE INTERNE;17;13;76,47058824
F7501Q;[F7501Q] SCIENZE E TECNOLOGIE PER L'AMBIENTE E IL TERRITORIO;2017;F7501Q084;[F7501Q084] CAMBIAMENTI CLIMATICI;19;15;78,94736842
F7702M;[F7702M] MARKETING E MERCATI GLOBALI;2017;F5102P017;[F5102P017] PSICOLOGIA DEI CONSUMI;114;49;42,98245614
F8202B;[F8202B] SCIENZE STATISTICHE ED ECONOMICHE;2017;F8204B027;[F8204B027] STATISTICA AZIENDALE M;2;1;50
F8203B;[F8203B] BIOSTATISTICA;2016;F8203B003;[F8203B003] INFERENZA STATISTICA;2;0;0
F8203B;[F8203B] BIOSTATISTICA;2016;F8203B027;[F8203B027] MODELLI STATISTICI APPLICATI ALLE SPERIMENTAZIONI CLINCHE I;9;7;77,77777778
F8203B;[F8203B] BIOSTATISTICA;2016;F8203B004;[F8203B004] CALCOLO DELLE PROBABILITA';3;3;100
F8203B;[F8203B] BIOSTATISTICA;2017;F8203B003;[F8203B003] INFERENZA STATISTICA;41;28;68,29268293
F8203B;[F8203B] BIOSTATISTICA;2017;F8203B027;[F8203B027] MODELLI STATISTICI APPLICATI ALLE SPERIMENTAZIONI CLINCHE I;18;14;77,77777778
F8203B;[F8203B] BIOSTATISTICA;2017;F8203B004;[F8203B004] CALCOLO DELLE PROBABILITA';11;9;81,81818182
F8204B;[F8204B] SCIENZE STATISTICHE ED ECONOMICHE;2016;F8204B024;[F8204B024] FINANZA MATEMATICA M;11;2;18,18181818
F8204B;[F8204B] SCIENZE STATISTICHE ED ECONOMICHE;2016;F8204B013;[F8204B013] INTRODUZIONE ALL'INFERENZA STATISTICA M;2;1;50
F8204B;[F8204B] SCIENZE STATISTICHE ED ECONOMICHE;2016;F8204B014;[F8204B014] DATA MINING M;6;4;66,66666667
F8204B;[F8204B] SCIENZE STATISTICHE ED ECONOMICHE;2016;F8204B012;[F8204B012] INTRODUZIONE ALLE SERIE STORICHE M;1;1;100
F8204B;[F8204B] SCIENZE STATISTICHE ED ECONOMICHE;2016;F8204B016;[F8204B016] STATISTICA BAYESIANA M;3;3;100
F8204B;[F8204B] SCIENZE STATISTICHE ED ECONOMICHE;2016;F8204B027;[F8204B027] STATISTICA AZIENDALE M;2;2;100
F8204B;[F8204B] SCIENZE STATISTICHE ED ECONOMICHE;2017;F8204B014;[F8204B014] DATA MINING M;15;7;46,66666667
F8204B;[F8204B] SCIENZE STATISTICHE ED ECONOMICHE;2017;F8204B012;[F8204B012] INTRODUZIONE ALLE SERIE STORICHE M;20;13;65
F8204B;[F8204B] SCIENZE STATISTICHE ED ECONOMICHE;2017;F8204B024;[F8204B024] FINANZA MATEMATICA M;12;8;66,66666667
F8204B;[F8204B] SCIENZE STATISTICHE ED ECONOMICHE;2017;F8204B013;[F8204B013] INTRODUZIONE ALL'INFERENZA STATISTICA M;13;9;69,23076923
F8204B;[F8204B] SCIENZE STATISTICHE ED ECONOMICHE;2017;F8204B016;[F8204B016] STATISTICA BAYESIANA M;1;1;100
F8204B;[F8204B] SCIENZE STATISTICHE ED ECONOMICHE;2017;F8204B027;[F8204B027] STATISTICA AZIENDALE M;9;9;100
F8701N;[F8701N] PROGRAMMAZIONE E GESTIONE DELLE POLITICHE E  DEI SERVIZI SOCIALI;2016;F8701N006;[F8701N006] COOPERAZIONE E TUTELA DEI DIRITTI UMANI;1;0;0
F8701N;[F8701N] PROGRAMMAZIONE E GESTIONE DELLE POLITICHE E  DEI SERVIZI SOCIALI;2016;F8701N008;[F8701N008] DIRITTO DEGLI STRANIERI;1;0;0
F8701N;[F8701N] PROGRAMMAZIONE E GESTIONE DELLE POLITICHE E  DEI SERVIZI SOCIALI;2016;F8701N035;[F8701N035] LE FORME DELLA MEDIAZIONE;1;0;0
F8701N;[F8701N] PROGRAMMAZIONE E GESTIONE DELLE POLITICHE E  DEI SERVIZI SOCIALI;2016;F8701N001;[F8701N001] WELFARE;4;4;100
F8701N;[F8701N] PROGRAMMAZIONE E GESTIONE DELLE POLITICHE E  DEI SERVIZI SOCIALI;2016;F8701N002;[F8701N002] PLURALISMO GIURIDICO, PLURALISMO CULTURALE;5;5;100
F8701N;[F8701N] PROGRAMMAZIONE E GESTIONE DELLE POLITICHE E  DEI SERVIZI SOCIALI;2016;F8701N036;[F8701N036] GLOBALIZZAZIONE E SVILUPPO LOCALE;3;3;100
F8701N;[F8701N] PROGRAMMAZIONE E GESTIONE DELLE POLITICHE E  DEI SERVIZI SOCIALI;2017;F8701N008;[F8701N008] DIRITTO DEGLI STRANIERI;45;34;75,55555556
F8701N;[F8701N] PROGRAMMAZIONE E GESTIONE DELLE POLITICHE E  DEI SERVIZI SOCIALI;2017;F8701N006;[F8701N006] COOPERAZIONE E TUTELA DEI DIRITTI UMANI;43;33;76,74418605
F8701N;[F8701N] PROGRAMMAZIONE E GESTIONE DELLE POLITICHE E  DEI SERVIZI SOCIALI;2017;F8701N035;[F8701N035] LE FORME DELLA MEDIAZIONE;37;30;81,08108108
F8701N;[F8701N] PROGRAMMAZIONE E GESTIONE DELLE POLITICHE E  DEI SERVIZI SOCIALI;2017;F8701N036;[F8701N036] GLOBALIZZAZIONE E SVILUPPO LOCALE;45;38;84,44444444
F8701N;[F8701N] PROGRAMMAZIONE E GESTIONE DELLE POLITICHE E  DEI SERVIZI SOCIALI;2017;F8701N002;[F8701N002] PLURALISMO GIURIDICO, PLURALISMO CULTURALE;52;48;92,30769231
F8701N;[F8701N] PROGRAMMAZIONE E GESTIONE DELLE POLITICHE E  DEI SERVIZI SOCIALI;2017;F8701N001;[F8701N001] WELFARE;37;37;100
F8801N;[F8801N] SOCIOLOGIA;2016;F8801N042;[F8801N042] GEOGRAFIA POLITICA;12;10;83,33333333
F8801N;[F8801N] SOCIOLOGIA;2016;F8801N003;[F8801N003] DIRITTI E CITTADINANZA EUROPEA;13;11;84,61538462
F8801N;[F8801N] SOCIOLOGIA;2016;F8801N041;[F8801N041] GOVERNANCE E SISTEMI LOCALI DI WELFARE;9;8;88,88888889
F8801N;[F8801N] SOCIOLOGIA;2016;F8801N013;[F8801N013] POLITICHE URBANE;2;2;100
F8801N;[F8801N] SOCIOLOGIA;2016;F8801N037;[F8801N037] CORSI DI VITA E SCELTE COLLETTIVE;2;2;100
F8801N;[F8801N] SOCIOLOGIA;2016;F8801N043;[F8801N043] SOCIOLOGIA DEI PROCESSI ORGANIZZATIVI;1;1;100
F8801N;[F8801N] SOCIOLOGIA;2016;F8801N044;[F8801N044] SOCIOLOGIA DEI PROCESSI TERRITORIALI;1;1;100
F8801N;[F8801N] SOCIOLOGIA;2016;F8801N045;[F8801N045] GENERI E GENERAZIONI;4;4;100
F8801N;[F8801N] SOCIOLOGIA;2017;F8801N041;[F8801N041] GOVERNANCE E SISTEMI LOCALI DI WELFARE;15;7;46,66666667
F8801N;[F8801N] SOCIOLOGIA;2017;F8701N035;[F8701N035] LE FORME DELLA MEDIAZIONE;2;1;50
F8801N;[F8801N] SOCIOLOGIA;2017;F8801N003;[F8801N003] DIRITTI E CITTADINANZA EUROPEA;2;1;50
F8801N;[F8801N] SOCIOLOGIA;2017;F8801N043;[F8801N043] SOCIOLOGIA DEI PROCESSI ORGANIZZATIVI;3;2;66,66666667
F8801N;[F8801N] SOCIOLOGIA;2017;F8801N042;[F8801N042] GEOGRAFIA POLITICA;12;10;83,33333333
F8801N;[F8801N] SOCIOLOGIA;2017;F8801N045;[F8801N045] GENERI E GENERAZIONI;7;6;85,71428571
F8801N;[F8801N] SOCIOLOGIA;2017;F8801N013;[F8801N013] POLITICHE URBANE;4;4;100
F8801N;[F8801N] SOCIOLOGIA;2017;F8801N037;[F8801N037] CORSI DI VITA E SCELTE COLLETTIVE;30;30;100
F8801N;[F8801N] SOCIOLOGIA;2017;F8801N044;[F8801N044] SOCIOLOGIA DEI PROCESSI TERRITORIALI;7;7;100
H4101D;[H4101D] MEDICINA E CHIRURGIA;2016;H4101D015;[H4101D015] TIROCINIO PROFESSIONALIZZANTE AREA CHIRURGICA 1;1;0;0
H4101D;[H4101D] MEDICINA E CHIRURGIA;2016;H4101D034;[H4101D034] URGENZE ED EMERGENZE MEDICO CHIRURGICHE;89;67;75,28089888
H4101D;[H4101D] MEDICINA E CHIRURGIA;2016;H4101D003;[H4101D003] INFORMATICA DI BASE;112;93;83,03571429
H4101D;[H4101D] MEDICINA E CHIRURGIA;2016;H4101D005;[H4101D005] INGLESE DI BASE A LIVELLO B2;58;55;94,82758621
H4101D;[H4101D] MEDICINA E CHIRURGIA;2017;H4101D003;[H4101D003] INFORMATICA DI BASE;31;24;77,41935484
H4101D;[H4101D] MEDICINA E CHIRURGIA;2017;H4101D034;[H4101D034] URGENZE ED EMERGENZE MEDICO CHIRURGICHE;63;49;77,77777778
H4101D;[H4101D] MEDICINA E CHIRURGIA;2017;H4101D005;[H4101D005] INGLESE DI BASE A LIVELLO B2;18;15;83,33333333
H4101D;[H4101D] MEDICINA E CHIRURGIA;2017;H4101D015;[H4101D015] TIROCINIO PROFESSIONALIZZANTE AREA CHIRURGICA 1;147;142;96,59863946
H4601D;[H4601D] ODONTOIATRIA E PROTESI DENTARIA;2016;H4601D033;[H4601D033] INFORMATICA DI BASE;22;14;63,63636364
H4601D;[H4601D] ODONTOIATRIA E PROTESI DENTARIA;2016;H4601D014;[H4601D014] FARMACOLOGIA ED ANESTESIOLOGIA;20;14;70
H4601D;[H4601D] ODONTOIATRIA E PROTESI DENTARIA;2016;H4601D034;[H4601D034] INGLESE BIOMEDICO;11;10;90,90909091
H4601D;[H4601D] ODONTOIATRIA E PROTESI DENTARIA;2016;H4601D032;[H4601D032] INGLESE DI BASE A LIVELLO B2;13;13;100
H4601D;[H4601D] ODONTOIATRIA E PROTESI DENTARIA;2017;H4601D034;[H4601D034] INGLESE BIOMEDICO;4;2;50
H4601D;[H4601D] ODONTOIATRIA E PROTESI DENTARIA;2017;H4601D033;[H4601D033] INFORMATICA DI BASE;18;10;55,55555556
H4601D;[H4601D] ODONTOIATRIA E PROTESI DENTARIA;2017;H4601D032;[H4601D032] INGLESE DI BASE A LIVELLO B2;7;6;85,71428571
H4601D;[H4601D] ODONTOIATRIA E PROTESI DENTARIA;2017;H4601D014;[H4601D014] FARMACOLOGIA ED ANESTESIOLOGIA;11;11;100
I0101D;[I0101D] INFERMIERISTICA (ABILITANTE ALLA PROFESSIONE SANITARIA DI INFERMIERE);2016;I0101D015;[I0101D015] ELEMENTI DI ORGANIZZAZIONE PROFESSIONALE;1;0;0
I0101D;[I0101D] INFERMIERISTICA (ABILITANTE ALLA PROFESSIONE SANITARIA DI INFERMIERE);2016;I0101D016;[I0101D016] MEDICINA CLINICA E DELLA DISABILITA';1;0;0
I0101D;[I0101D] INFERMIERISTICA (ABILITANTE ALLA PROFESSIONE SANITARIA DI INFERMIERE);2016;I0101D018;[I0101D018] SCIENZE UMANE E STORIA DELLA MEDICINA;1;0;0
I0101D;[I0101D] INFERMIERISTICA (ABILITANTE ALLA PROFESSIONE SANITARIA DI INFERMIERE);2016;LING;[LING] LINGUA INGLESE;11;4;36,36363636
I0101D;[I0101D] INFERMIERISTICA (ABILITANTE ALLA PROFESSIONE SANITARIA DI INFERMIERE);2016;I0101D014;[I0101D014] PSICHIATRIA E PSICOLOGIA CLINICA;166;125;75,30120482
I0101D;[I0101D] INFERMIERISTICA (ABILITANTE ALLA PROFESSIONE SANITARIA DI INFERMIERE);2017;LING;[LING] LINGUA INGLESE;365;189;51,78082192
I0101D;[I0101D] INFERMIERISTICA (ABILITANTE ALLA PROFESSIONE SANITARIA DI INFERMIERE);2017;I0101D016;[I0101D016] MEDICINA CLINICA E DELLA DISABILITA';350;199;56,85714286
I0101D;[I0101D] INFERMIERISTICA (ABILITANTE ALLA PROFESSIONE SANITARIA DI INFERMIERE);2017;I0101D015;[I0101D015] ELEMENTI DI ORGANIZZAZIONE PROFESSIONALE;331;193;58,3081571
I0101D;[I0101D] INFERMIERISTICA (ABILITANTE ALLA PROFESSIONE SANITARIA DI INFERMIERE);2017;I0101D018;[I0101D018] SCIENZE UMANE E STORIA DELLA MEDICINA;295;203;68,81355932
I0101D;[I0101D] INFERMIERISTICA (ABILITANTE ALLA PROFESSIONE SANITARIA DI INFERMIERE);2017;I0101D014;[I0101D014] PSICHIATRIA E PSICOLOGIA CLINICA;117;84;71,79487179
I0102D;[I0102D] OSTETRICIA (ABILITANTE ALLA PROFESSIONE SANITARIA DI OSTETRICA/O);2017;LING;[LING] LINGUA INGLESE;27;16;59,25925926
I0201D;[I0201D] FISIOTERAPIA (ABILITANTE ALLA PROFESSIONE SANITARIA DI FISIOTERAPISTA);2016;LING;[LING] LINGUA INGLESE;24;22;91,66666667
I0201D;[I0201D] FISIOTERAPIA (ABILITANTE ALLA PROFESSIONE SANITARIA DI FISIOTERAPISTA);2017;LING;[LING] LINGUA INGLESE;12;10;83,33333333
I0202D;[I0202D] TERAPIA DELLA NEURO E PSICOMOTRICITÀ DELL'ETÀ EVOLUTIVA (ABILITANTE ALLA PROFESSIONE SANITARIA DI TERAPISTA DELLA NEURO E PSICOMOTRICITÀ DELL'ETÀ EVOLUTIVA);2016;LING;[LING] LINGUA INGLESE;1;0;0
I0202D;[I0202D] TERAPIA DELLA NEURO E PSICOMOTRICITÀ DELL'ETÀ EVOLUTIVA (ABILITANTE ALLA PROFESSIONE SANITARIA DI TERAPISTA DELLA NEURO E PSICOMOTRICITÀ DELL'ETÀ EVOLUTIVA);2017;LING;[LING] LINGUA INGLESE;21;18;85,71428571
I0301D;[I0301D] IGIENE DENTALE (ABILITANTE ALLA PROFESSIONE SANITARIA DI IGIENISTA DENTALE);2016;LING;[LING] LINGUA INGLESE;12;7;58,33333333
I0301D;[I0301D] IGIENE DENTALE (ABILITANTE ALLA PROFESSIONE SANITARIA DI IGIENISTA DENTALE);2017;LING;[LING] LINGUA INGLESE;13;11;84,61538462
I0302D;[I0302D] TECNICHE DI LABORATORIO BIOMEDICO (ABILITANTE ALLA PROFESSIONE SANITARIA DI TECNICO DI LABORATORIO BIOMEDICO);2016;LING;[LING] LINGUA INGLESE;15;11;73,33333333
I0302D;[I0302D] TECNICHE DI LABORATORIO BIOMEDICO (ABILITANTE ALLA PROFESSIONE SANITARIA DI TECNICO DI LABORATORIO BIOMEDICO);2017;LING;[LING] LINGUA INGLESE;27;8;29,62962963
I0303D;[I0303D] TECNICHE DI RADIOLOGIA MEDICA, PER IMMAGINI E RADIOTERAPIA (ABILITANTE ALLA PROFESSIONE SANITARIA DI TECNICO DI RADIOLOGIA MEDICA, PER IMMAGINI E RADIOTERAPIA );2016;LING;[LING] LINGUA INGLESE;3;2;66,66666667
I0303D;[I0303D] TECNICHE DI RADIOLOGIA MEDICA, PER IMMAGINI E RADIOTERAPIA (ABILITANTE ALLA PROFESSIONE SANITARIA DI TECNICO DI RADIOLOGIA MEDICA, PER IMMAGINI E RADIOTERAPIA );2017;LING;[LING] LINGUA INGLESE;24;15;62,5
K0101D;[K0101D] SCIENZE INFERMIERISTICHE E OSTETRICHE;2016;K0101D014;[K0101D014] INGLESE A LIVELLO B2;2;2;100
K0101D;[K0101D] SCIENZE INFERMIERISTICHE E OSTETRICHE;2017;K0101D014;[K0101D014] INGLESE A LIVELLO B2;37;19;51,35135135
