cdscod	cds	adcod	ad	voto	migliori
524	[524] SCIENZE DELL'EDUCAZIONE	E1901R086	[E1901R086] METODI E TECNICHE DELLA FORMAZIONE MEDIALE	25	1
541	[541] SCIENZE DEL TURISMO E COMUNITA' LOCALE(C.SO A DISTANZA)	E1501N009	[E1501N009] SOCIOLOGIA DELLA CULTURA E DEL TEMPO LIBERO	25	1
581	[581] GIURISPRUDENZA	A5810139	[A5810139] DIRITTO AMMINISTRATIVO -PARTE SPECIALE	30	1
581	[581] GIURISPRUDENZA	A5810169	[A5810169] EUROPEAN UNION COMMON AND SECURITY DEFENSE POLICY	30	1
581	[581] GIURISPRUDENZA	A5810170	[A5810170] TRANSITIONAL JUSTICE AND STATE BUILDING	30	1
E0201Q	[E0201Q] BIOTECNOLOGIE	E0201Q074	[E0201Q074] BIOFISICA	30	1
E0201Q	[E0201Q] BIOTECNOLOGIE	E0201Q058	[E0201Q058] CHIMICA FISICA	29	1
E0201Q	[E0201Q] BIOTECNOLOGIE	E0201Q063	[E0201Q063] BIOCHIMICA CELLULARE	28,36363636	1
E1301Q	[E1301Q] SCIENZE BIOLOGICHE	E0201Q046	[E0201Q046] INFORMATICA	30	1
E1301Q	[E1301Q] SCIENZE BIOLOGICHE	E0201Q063	[E0201Q063] BIOCHIMICA CELLULARE	30	1
E1301Q	[E1301Q] SCIENZE BIOLOGICHE	E3201Q084	[E3201Q084] GESTIONE DI BASE DATI	30	1
E1401A	[E1401A] SCIENZE DEI SERVIZI GIURIDICI	A5810077	[A5810077] DIRITTO DELLE ASSICURAZIONI	30	1
E1401A	[E1401A] SCIENZE DEI SERVIZI GIURIDICI	A5810121	[A5810121] MEDIAZIONE CIVILE E COMMERCIALE	30	1
E1401A	[E1401A] SCIENZE DEI SERVIZI GIURIDICI	A5810138	[A5810138] SOCIOLOGIA DEI DIRITTI FONDAMENTALI	30	1
E1501N	[E1501N] SCIENZE DEL TURISMO E COMUNITÀ LOCALE	E3301M182	[E3301M182] LINGUA-SPAGNOLO	29	1
E1501N	[E1501N] SCIENZE DEL TURISMO E COMUNITÀ LOCALE	E1501N011	[E1501N011] SOCIOLOGIA DEL TERRITORIO	28,39361702	1
E1501N	[E1501N] SCIENZE DEL TURISMO E COMUNITÀ LOCALE	E1801M053	[E1801M053] LINGUA - TEDESCO	28	1
E1502N	[E1502N] SCIENZE DEL TURISMO E COMUNITÀ LOCALE (NETTUNO)	E1501N080	[E1501N080] MARKETING	19	1
E1601N	[E1601N] SCIENZE DELL'ORGANIZZAZIONE	A5810060	[A5810060] DIRITTO PENALE (PARTE SPECIALE)	30	1
E1601N	[E1601N] SCIENZE DELL'ORGANIZZAZIONE	E1401A040	[E1401A040] CRIMINOLOGIA	30	1
E1601N	[E1601N] SCIENZE DELL'ORGANIZZAZIONE	E3901N036	[E3901N036] MUTAMENTO SOCIALE E WELFARE	30	1
E1801M	[E1801M] MARKETING, COMUNICAZIONE AZIENDALE E MERCATI GLOBALI	E1802M121	[E1802M121] DIRITTO TRIBUTARIO	29	1
E1801M	[E1801M] MARKETING, COMUNICAZIONE AZIENDALE E MERCATI GLOBALI	E2001R024	[E2001R024] TEORIA E TECNICA DEI NUOVI MEDIA	28,77777778	1
E1801M	[E1801M] MARKETING, COMUNICAZIONE AZIENDALE E MERCATI GLOBALI	E2004P025	[E2004P025] PSICOLOGIA ECONOMICA E DEL LAVORO	28,66666667	1
E1802M	[E1802M] ECONOMIA E AMMINISTRAZIONE DELLE IMPRESE	E1802M125	[E1802M125] TEORIA DEI CAMPIONI E SOFTWARE STATISTICI	30	1
E1802M	[E1802M] ECONOMIA E AMMINISTRAZIONE DELLE IMPRESE	E1802M127	[E1802M127] PROGRAMMAZIONE BASE DI DATI E SISTEMI INFORMATIVI	30	1
E1802M	[E1802M] ECONOMIA E AMMINISTRAZIONE DELLE IMPRESE	E3301M153	[E3301M153] DIRITTO AMMINISTRATIVO E DELLE AUTONOMIE	30	1
E1803M	[E1803M] ECONOMIA DELLE BANCHE, DELLE ASSICURAZIONI E DEGLI INTERMEDIARI FINANZIARI	E1802M122	[E1802M122] ORGANIZZAZIONE E CONTROLLO AZIENDALE	30	1
E1803M	[E1803M] ECONOMIA DELLE BANCHE, DELLE ASSICURAZIONI E DEGLI INTERMEDIARI FINANZIARI	E2001R055	[E2001R055] LINGUA CINESE I	30	1
E1803M	[E1803M] ECONOMIA DELLE BANCHE, DELLE ASSICURAZIONI E DEGLI INTERMEDIARI FINANZIARI	E3301M158	[E3301M158] METODI QUANTITATIVI PER LE ASSICURAZIONI E LE BANCHE	29,75	1
E1901R	[E1901R] SCIENZE DELL'EDUCAZIONE	E1901R100	[E1901R100] STORIA DELLA FILOSOFIA CONTEMPORANEA	30	1
E1901R	[E1901R] SCIENZE DELL'EDUCAZIONE	E1901R084	[E1901R084] MUSICA	29,75	1
E1901R	[E1901R] SCIENZE DELL'EDUCAZIONE	E1901R110	[E1901R110] EDUCAZIONE DEGLI ADULTI	29,06578947	1
E2001R	[E2001R] COMUNICAZIONE INTERCULTURALE	E1601N034	[E1601N034] MANAGEMENT DEI SERVIZI PUBBLICI E DELLE ORGANIZZAZIONI NO PROFIT	30	1
E2001R	[E2001R] COMUNICAZIONE INTERCULTURALE	E1801M053	[E1801M053] LINGUA - TEDESCO	30	1
E2001R	[E2001R] COMUNICAZIONE INTERCULTURALE	E1901R019	[E1901R019] STORIA MEDIOEVALE	30	1
E2003P	[E2003P] COMUNICAZIONE E PSICOLOGIA	E2004P038	[E2004P038] WEB MARKETING	30	1
E2004P	[E2004P] SCIENZE PSICOSOCIALI DELLA COMUNICAZIONE	E1501N054	[E1501N054] MUSICA, SPETTACOLO E TERRITORIO	30	1
E2004P	[E2004P] SCIENZE PSICOSOCIALI DELLA COMUNICAZIONE	E1901R084	[E1901R084] MUSICA	30	1
E2004P	[E2004P] SCIENZE PSICOSOCIALI DELLA COMUNICAZIONE	E1901R089	[E1901R089] ESTETICA	30	1
E2401P	[E2401P] SCIENZE E TECNICHE PSICOLOGICHE	E2001R007	[E2001R007] ANTROPOLOGIA CULTURALE	30	1
E2401P	[E2401P] SCIENZE E TECNICHE PSICOLOGICHE	E2001R027	[E2001R027] ANTROPOLOGIA DELLA CONTEMPORANEITÀ	30	1
E2401P	[E2401P] SCIENZE E TECNICHE PSICOLOGICHE	E2004P009	[E2004P009] PSICOLINGUISTICA	30	1
E2701Q	[E2701Q] SCIENZA DEI MATERIALI	E2701Q049	[E2701Q049] LABORATORIO DI TECNOLOGIA DEI MATERIALI II	30	1
E2701Q	[E2701Q] SCIENZA DEI MATERIALI	E2701Q051	[E2701Q051] LABORATORIO DI TECNOLOGIA DEI MATERIALI I	30	1
E2701Q	[E2701Q] SCIENZA DEI MATERIALI	E2702Q045	[E2702Q045] ELEMENTI DI BIOCHIMICA	30	1
E2702Q	[E2702Q] SCIENZE E TECNOLOGIE CHIMICHE	E0201Q046	[E0201Q046] INFORMATICA	30	1
E2702Q	[E2702Q] SCIENZE E TECNOLOGIE CHIMICHE	E2702Q045	[E2702Q045] ELEMENTI DI BIOCHIMICA	28,325	1
E2702Q	[E2702Q] SCIENZE E TECNOLOGIE CHIMICHE	E2001R014	[E2001R014] LOGICA E FILOSOFIA DELLA SCIENZA	28	1
E3001Q	[E3001Q] FISICA	E3001Q062	[E3001Q062] ESPERIMENTAZIONI DI PLASMI	30	1
E3001Q	[E3001Q] FISICA	E3001Q064	[E3001Q064] ESPERIMENTAZIONI DI FISICA DEI SOLIDI	30	1
E3001Q	[E3001Q] FISICA	E3501Q058	[E3501Q058] ANALISI NUMERICA	30	1
E3002Q	[E3002Q] OTTICA E OPTOMETRIA	E1901R091	[E1901R091] PSICOLOGIA CLINICA	30	1
E3002Q	[E3002Q] OTTICA E OPTOMETRIA	E1301Q063	[E1301Q063] BOTANICA	29	1
E3002Q	[E3002Q] OTTICA E OPTOMETRIA	E1601N033	[E1601N033] ECONOMIA E MANAGEMENT DELLE RETI E DELLE PICCOLE IMPRESE	29	1
E3101Q	[E3101Q] INFORMATICA	E3001Q040	[E3001Q040] ANALISI MATEMATICA II	30	1
E3101Q	[E3101Q] INFORMATICA	E3101Q117	[E3101Q117] BUSINESS INTELLIGENCE PER I SERVIZI FINANZIARI	29,66666667	1
E3101Q	[E3101Q] INFORMATICA	E3101Q116	[E3101Q116] ELEMENTI DI BIOINFORMATICA	29,625	1
E3201Q	[E3201Q] SCIENZE E TECNOLOGIE PER L'AMBIENTE	E3201Q086	[E3201Q086] STATISTICA	28,75	1
E3201Q	[E3201Q] SCIENZE E TECNOLOGIE PER L'AMBIENTE	E3201Q087	[E3201Q087] CHIMICA DELLE ACQUE	28,2	1
E3201Q	[E3201Q] SCIENZE E TECNOLOGIE PER L'AMBIENTE	E1301Q015	[E1301Q015] FISIOLOGIA GENERALE	28	1
E3301M	[E3301M] ECONOMIA E COMMERCIO	E1802M117	[E1802M117] BILANCIO E ANALISI ECONOMICO FINANZIARIA	30	1
E3301M	[E3301M] ECONOMIA E COMMERCIO	E2004P025	[E2004P025] PSICOLOGIA ECONOMICA E DEL LAVORO	30	1
E3301M	[E3301M] ECONOMIA E COMMERCIO	E3301M156	[E3301M156] METODI QUANTITATIVI PER LE DISCIPLINE ECONOMICHE	29,5	1
E3401Q	[E3401Q] SCIENZE E TECNOLOGIE GEOLOGICHE	E1501N082	[E1501N082] ARCHEOLOGIA	30	1
E3401Q	[E3401Q] SCIENZE E TECNOLOGIE GEOLOGICHE	E3201Q087	[E3201Q087] CHIMICA DELLE ACQUE	30	1
E3401Q	[E3401Q] SCIENZE E TECNOLOGIE GEOLOGICHE	E2701Q038	[E2701Q038] CHIMICA MACROMOLECOLARE CON LABORATORIO	28	1
E3501Q	[E3501Q] MATEMATICA	E2001R014	[E2001R014] LOGICA E FILOSOFIA DELLA SCIENZA	30	1
E3501Q	[E3501Q] MATEMATICA	E3001Q046	[E3001Q046] MECCANICA QUANTISTICA	30	1
E3501Q	[E3501Q] MATEMATICA	E3101Q117	[E3101Q117] BUSINESS INTELLIGENCE PER I SERVIZI FINANZIARI	30	1
E3901N	[E3901N] SERVIZIO SOCIALE	E3901N037	[E3901N037] INCLUSIONE SOCIALE, RETI E WELFARE	28,34848485	1
E3901N	[E3901N] SERVIZIO SOCIALE	E3901N036	[E3901N036] MUTAMENTO SOCIALE E WELFARE	28,14285714	1
E3901N	[E3901N] SERVIZIO SOCIALE	E3901N023	[E3901N023] TIROCINIO	28,04878049	1
E4001N	[E4001N] SOCIOLOGIA	E1601N034	[E1601N034] MANAGEMENT DEI SERVIZI PUBBLICI E DELLE ORGANIZZAZIONI NO PROFIT	29	1
E4001N	[E4001N] SOCIOLOGIA	E2001R038	[E2001R038] ISTITUZIONI DI CULTURA ARABA	28	1
E4001N	[E4001N] SOCIOLOGIA	E4102B006	[E4102B006] CALCOLO DELLE PROBABILITÀ	28	1
E4101B	[E4101B] SCIENZE STATISTICHE ED ECONOMICHE	E4102B020	[E4102B020] EPIDEMIOLOGIA	30	1
E4101B	[E4101B] SCIENZE STATISTICHE ED ECONOMICHE	E4102B071	[E4102B071] STATISTICA SPAZIALE E AMBIENTALE	30	1
E4101B	[E4101B] SCIENZE STATISTICHE ED ECONOMICHE	E4101B026	[E4101B026] DATA MINING	29,12195122	1
E4102B	[E4102B] STATISTICA E GESTIONE DELLE INFORMAZIONI	E4102B061	[E4102B061] POPOLAZIONE, TERRITORIO E SOCIETA' I	29	1
E4102B	[E4102B] STATISTICA E GESTIONE DELLE INFORMAZIONI	E4102B071	[E4102B071] STATISTICA SPAZIALE E AMBIENTALE	28,44444444	1
E4102B	[E4102B] STATISTICA E GESTIONE DELLE INFORMAZIONI	E4102B059	[E4102B059] MODELLI LINEARI GENERALIZZATI IN EPIDEMIOLOGIA E MEDICINA	28	1
F0101R	[F0101R] SCIENZE ANTROPOLOGICHE ED ETNOLOGICHE	F0101R025	[F0101R025] CULTURE E SOCIETÀ DELL'AFRICA	30	1
F0101R	[F0101R] SCIENZE ANTROPOLOGICHE ED ETNOLOGICHE	F0101R029	[F0101R029] CULTURE E SOCIETÀ DEL PACIFICO	30	1
F0101R	[F0101R] SCIENZE ANTROPOLOGICHE ED ETNOLOGICHE	F5701R019	[F5701R019] PEDAGOGIA INTERCULTURALE E DELLA COOP.	30	1
F0601Q	[F0601Q] BIOLOGIA	F0601Q048	[F0601Q048] BIOLOGIA QUANTITATIVA	30	1
F0601Q	[F0601Q] BIOLOGIA	F0802Q038	[F0802Q038] GENETICA MOLECOLARE	30	1
F0601Q	[F0601Q] BIOLOGIA	F0802Q040	[F0802Q040] STRUTTURE E INTERAZIONI MOLECOLARI	30	1
F0802Q	[F0802Q] BIOTECNOLOGIE INDUSTRIALI	F0601Q051	[F0601Q051] FISIOLOGIA MOLECOLARE DELLE PIANTE	30	1
F0802Q	[F0802Q] BIOTECNOLOGIE INDUSTRIALI	F0601Q058	[F0601Q058] BIODIVERSITA' VEGETALE	30	1
F0802Q	[F0802Q] BIOTECNOLOGIE INDUSTRIALI	F0802Q066	[F0802Q066] CHIMICA ORGANICA FARMACEUTICA	30	1
F0901D	[F0901D] BIOTECNOLOGIE MEDICHE	F0901D029	[F0901D029] BIOTECNOLOGIE IN DIAGNOSTICA	29,2	1
F0901D	[F0901D] BIOTECNOLOGIE MEDICHE	F0901D025	[F0901D025] BIOTECNOLOGIE MICROBICHE	28,66666667	1
F0901D	[F0901D] BIOTECNOLOGIE MEDICHE	F0901D045	[F0901D045] PHARMACOLOGY	28,6	1
F1601M	[F1601M] ECONOMIA E FINANZA	F1601M068	[F1601M068] CULTURA STORICA GIURIDICA E LINGUISTICA SPAGNOLA	30	1
F1601M	[F1601M] ECONOMIA E FINANZA	F1601M069	[F1601M069] CULTURA STORICA GIURIDICA E LINGUISTICA TEDESCA	30	1
F1601M	[F1601M] ECONOMIA E FINANZA	F5102P019	[F5102P019] PSICOLOGIA DELLE CONDOTTE FINANZIARIE	29,6	1
F1701Q	[F1701Q] FISICA	F0802Q068	[F0802Q068] COMPUTATIONAL SYSTEMS BIOLOGY	30	1
F1701Q	[F1701Q] FISICA	F1701Q082	[F1701Q082] TEORIA DELLA MATERIA CONDENSATA II	30	1
F1701Q	[F1701Q] FISICA	F1701Q087	[F1701Q087] FISICA DELLE PARTICELLE I	30	1
F1801Q	[F1801Q] INFORMATICA	F1801Q107	[F1801Q107] SISTEMI COMPLESSI: MODELLI E SIMULAZIONE	30	1
F1801Q	[F1801Q] INFORMATICA	F1801Q108	[F1801Q108] BIOINFORMATICA	30	1
F1801Q	[F1801Q] INFORMATICA	F1801Q109	[F1801Q109] BIOLOGIA COMPUTAZIONALE	30	1
F4001Q	[F4001Q] MATEMATICA	F1801Q141	[F1801Q141] FONDAMENTI LOGICO MATEMATICI DELL'INFORMATICA	30	1
F4001Q	[F4001Q] MATEMATICA	F4001Q071	[F4001Q071] GEOMETRIA DIFFERENZIALE	30	1
F4001Q	[F4001Q] MATEMATICA	F4001Q095	[F4001Q095] METODI MATEMATICI PER L?ANALISI ECONOMICA ? OTTIMIZZAZIONE E ANALISI CONVESSA	30	1
F4901N	[F4901N] TURISMO, TERRITORIO E SVILUPPO LOCALE	F8801N042	[F8801N042] GEOGRAFIA POLITICA	30	1
F4901N	[F4901N] TURISMO, TERRITORIO E SVILUPPO LOCALE	F4901N050	[F4901N050] TURISMO E SVILUPPO LOCALE	29,08333333	1
F4901N	[F4901N] TURISMO, TERRITORIO E SVILUPPO LOCALE	F4901N069	[F4901N069] MEDIA E TURISMO	29	1
F5101P	[F5101P] PSICOLOGIA CLINICA, DELLO SVILUPPO E NEUROPSICOLOGIA	F5102P004	[F5102P004] COGNIZIONE SOCIALE	30	1
F5101P	[F5101P] PSICOLOGIA CLINICA, DELLO SVILUPPO E NEUROPSICOLOGIA	F5102P023	[F5102P023] PSICOLOGIA DELLE DIFFERENZE E DELLE DISEGUAGLIANZE	30	1
F5101P	[F5101P] PSICOLOGIA CLINICA, DELLO SVILUPPO E NEUROPSICOLOGIA	F5103P073	[F5103P073] PSICOLOGIA DELLO SVILUPPO DEL LINGUAGGIO ORALE E SCRITTO	30	1
F5102P	[F5102P] PSICOLOGIA DEI PROCESSI SOCIALI, DECISIONALI E DEI COMPORTAMENTI ECONOMICI	F5102P023	[F5102P023] PSICOLOGIA DELLE DIFFERENZE E DELLE DISEGUAGLIANZE	30	1
F5102P	[F5102P] PSICOLOGIA DEI PROCESSI SOCIALI, DECISIONALI E DEI COMPORTAMENTI ECONOMICI	F5102P095	[F5102P095] LA RICERCA-INTERVENTO NEI GRUPPI E NELLE ORGANIZZAZIONI	30	1
F5102P	[F5102P] PSICOLOGIA DEI PROCESSI SOCIALI, DECISIONALI E DEI COMPORTAMENTI ECONOMICI	F8501R022	[F8501R022] ORGANIZZAZIONE E GESTIONE DELLE RISORSE UMANE	30	1
F5103P	[F5103P] PSICOLOGIA DELLO SVILUPPO E DEI PROCESSI EDUCATIVI	F5102P004	[F5102P004] COGNIZIONE SOCIALE	30	1
F5103P	[F5103P] PSICOLOGIA DELLO SVILUPPO E DEI PROCESSI EDUCATIVI	F5102P015	[F5102P015] PSICOLOGIA DELLE INFLUENZE SOCIALI	30	1
F5103P	[F5103P] PSICOLOGIA DELLO SVILUPPO E DEI PROCESSI EDUCATIVI	F5103P073	[F5103P073] PSICOLOGIA DELLO SVILUPPO DEL LINGUAGGIO ORALE E SCRITTO	28,83783784	1
F5104P	[F5104P] PSICOLOGIA CLINICA E NEUROPSICOLOGIA NEL CICLO DI VITA	F5102P022	[F5102P022] INTERVENTO PSICOSOCIALE DI PROMOZIONE DEL BENESSERE	30	1
F5104P	[F5104P] PSICOLOGIA CLINICA E NEUROPSICOLOGIA NEL CICLO DI VITA	F5103P005	[F5103P005] PSICOLOGIA DELLO SVILUPPO SOCIO-AFFETTIVO	30	1
F5104P	[F5104P] PSICOLOGIA CLINICA E NEUROPSICOLOGIA NEL CICLO DI VITA	F5103P010	[F5103P010] FATTORI EMOTIVI E RELAZIONALI DELL'APPRENDIMENTO	30	1
F5301Q	[F5301Q] SCIENZA DEI MATERIALI	F5301Q011	[F5301Q011] INTERAZIONE RADIAZIONE IONIZZANTE-MATERIA	30	1
F5301Q	[F5301Q] SCIENZA DEI MATERIALI	F5301Q028	[F5301Q028] ELETTRONICA E FOTONICA MOLECOLARE	30	1
F5301Q	[F5301Q] SCIENZA DEI MATERIALI	F5301Q034	[F5301Q034] SCIENZA DEI METALLI	30	1
F5401Q	[F5401Q] SCIENZE E TECNOLOGIE CHIMICHE	F0802Q050	[F0802Q050] NANOBIOTECNOLOGIE	30	1
F5401Q	[F5401Q] SCIENZE E TECNOLOGIE CHIMICHE	F5401Q033	[F5401Q033] SINTESI E TECNICHE SPECIALI ORGANICHE DEI MATERIALI	30	1
F5401Q	[F5401Q] SCIENZE E TECNOLOGIE CHIMICHE	F5401Q042	[F5401Q042] CHIMICA DEI MATERIALI INORGANICI	30	1
F5602M	[F5602M] INTERNATIONAL ECONOMICS - ECONOMIA INTERNAZIONALE	F5602M004	[F5602M004] GLOBAL MACROECONOMICS	30	1
F5602M	[F5602M] INTERNATIONAL ECONOMICS - ECONOMIA INTERNAZIONALE	F5602M016	[F5602M016] LABOUR MARKETS	29,16666667	1
F5602M	[F5602M] INTERNATIONAL ECONOMICS - ECONOMIA INTERNAZIONALE	F5602M010	[F5602M010] THE CORPORATE STRATEGY: THE STRATEGIC ANALYSIS IN A COMPETITIVE ENVIRONMENT	29,14285714	1
F5701R	[F5701R] FORMAZIONE E SVILUPPO DELLE RISORSE UMANE	F9201P201	[F9201P201] ELEMENTI DI INFORMATICA	30	1
F5701R	[F5701R] FORMAZIONE E SVILUPPO DELLE RISORSE UMANE	F5701R001	[F5701R001] EDUCAZIONE PERMANENTE E DEGLI ADULTI	29,5625	1
F5701R	[F5701R] FORMAZIONE E SVILUPPO DELLE RISORSE UMANE	F5701R020	[F5701R020] STORIA DELLE ISTITUZIONI POL. SOCIALI I	29,32758621	1
F5801Q	[F5801Q] ASTROFISICA E FISICA DELLO SPAZIO	F1701Q100	[F1701Q100] FISICA TEORICA II	30	1
F5801Q	[F5801Q] ASTROFISICA E FISICA DELLO SPAZIO	F1701Q129	[F1701Q129] LABORATORIO DI STATO SOLIDO ED ELETTRONICA I	30	1
F5801Q	[F5801Q] ASTROFISICA E FISICA DELLO SPAZIO	F5801Q023	[F5801Q023] LABORATORIO DI ASTROFISICA	30	1
F6302N	[F6302N] MANAGEMENT E DESIGN DEI SERVIZI	F4901N050	[F4901N050] TURISMO E SVILUPPO LOCALE	30	1
F6302N	[F6302N] MANAGEMENT E DESIGN DEI SERVIZI	F5701R004	[F5701R004] SOCIOLOGIA DELL'INNOVAZIONE DI IMPRESA	30	1
F6302N	[F6302N] MANAGEMENT E DESIGN DEI SERVIZI	F6302N023	[F6302N023] LE POLITICHE PER LA SALUTE	29,38461538	1
F7401Q	[F7401Q] SCIENZE E TECNOLOGIE GEOLOGICHE	F7401Q078	[F7401Q078] GEOENERGIA	30	1
F7401Q	[F7401Q] SCIENZE E TECNOLOGIE GEOLOGICHE	F7401Q089	[F7401Q089] METODI DI INDAGINE GEOLOGICO-TECNICA	30	1
F7401Q	[F7401Q] SCIENZE E TECNOLOGIE GEOLOGICHE	F7401Q098	[F7401Q098] INTRODUZIONE ALLA GEOGRAFIA FISICA MARINA	30	1
F7501Q	[F7501Q] SCIENZE E TECNOLOGIE PER L'AMBIENTE E IL TERRITORIO	F7501Q051	[F7501Q051] CHIMICA FISICA AMBIENTALE	30	1
F7501Q	[F7501Q] SCIENZE E TECNOLOGIE PER L'AMBIENTE E IL TERRITORIO	F7501Q049	[F7501Q049] CHIMICA DELL'ATMOSFERA	29,45833333	1
F7501Q	[F7501Q] SCIENZE E TECNOLOGIE PER L'AMBIENTE E IL TERRITORIO	F7501Q053	[F7501Q053] PROCESSI A BASSO IMPATTO AMBIENTALE	29,35714286	1
F7502Q	[F7502Q] MARINE SCIENCES - SCIENZE MARINE	F7502Q002	[F7502Q002] INTRODUCTION TO MARINE BIOLOGY	29,68	1
F7502Q	[F7502Q] MARINE SCIENCES - SCIENZE MARINE	F7502Q021	[F7502Q021] APPLIED GEOMORPHOLOGY AND HABITAT	29,5	1
F7502Q	[F7502Q] MARINE SCIENCES - SCIENZE MARINE	F7502Q011	[F7502Q011] MARINE INVERTEBRATE ZOOLOGY	29,33333333	1
F7601M	[F7601M] ECONOMIA DEL TURISMO	F4901N066	[F4901N066] TURISTI E SCENARI TURISTICI	30	1
F7601M	[F7601M] ECONOMIA DEL TURISMO	F7701M095	[F7701M095] SISTEMI DI CONTROLLO NELLE AZIENDE PRIVATE E PUBBLICHE	30	1
F7601M	[F7601M] ECONOMIA DEL TURISMO	F7601M005	[F7601M005] MARKETING E COMUNICAZIONE DEL TURISMO	29,44897959	1
F7701M	[F7701M] SCIENZE ECONOMICO-AZIENDALI	F7701M105	[F7701M105] L'ATTIVITA' DEI CONTROLLI LEGALI	29,43269231	1
F7701M	[F7701M] SCIENZE ECONOMICO-AZIENDALI	F7701M023	[F7701M023] DIRITTO PUBBLICO DELL'ECONOMIA PER LE SCIENZE ECON	29	1
F7701M	[F7701M] SCIENZE ECONOMICO-AZIENDALI	F7701M101	[F7701M101] ANALISI STRATEGICA E VALUTAZIONE FINANZIARIA D'AZIENDA	28,98113208	1
F7702M	[F7702M] MARKETING E MERCATI GLOBALI	F7601M005	[F7601M005] MARKETING E COMUNICAZIONE DEL TURISMO	29,8	1
F7702M	[F7702M] MARKETING E MERCATI GLOBALI	F9201P203	[F9201P203] WEB MARKETING	29,5	1
F7702M	[F7702M] MARKETING E MERCATI GLOBALI	F7702M046	[F7702M046] DIRITTO DELLE COMUNICAZIONI	28,52252252	1
F8202B	[F8202B] SCIENZE STATISTICHE ED ECONOMICHE	F8204B027	[F8204B027] STATISTICA AZIENDALE M	23	1
F8202B	[F8202B] SCIENZE STATISTICHE ED ECONOMICHE	F8204B020	[F8204B020] ECONOMICS FOR DATA SCIENCE M	21	1
F8202B	[F8202B] SCIENZE STATISTICHE ED ECONOMICHE	F8204B010	[F8204B010] STATISTICA SPAZIALE M	18	1
F8203B	[F8203B] BIOSTATISTICA	F8203B018	[F8203B018] BIOINFORMATICA	30	1
F8203B	[F8203B] BIOSTATISTICA	F8203B020	[F8203B020] VALUTAZIONE STATISTICA DEI SISTEMI SANITARI	30	1
F8203B	[F8203B] BIOSTATISTICA	F8203B031	[F8203B031] ELEMENTI DI MEDICINA PER LA RICERCA CLINICA	29,63636364	1
F8204B	[F8204B] SCIENZE STATISTICHE ED ECONOMICHE	F8203B015	[F8203B015] STATISTICA AMBIENTALE	30	1
F8204B	[F8204B] SCIENZE STATISTICHE ED ECONOMICHE	F8203B022	[F8203B022] POPOLAZIONE, TERRITORIO E SOCIETA'	30	1
F8204B	[F8204B] SCIENZE STATISTICHE ED ECONOMICHE	F8204B006	[F8204B006] MACHINE LEARNING M	30	1
F8501R	[F8501R] SCIENZE PEDAGOGICHE	F0101R025	[F0101R025] CULTURE E SOCIETÀ DELL'AFRICA	30	1
F8501R	[F8501R] SCIENZE PEDAGOGICHE	F5701R011	[F5701R011] TEORIE E MODELLI DELLA CONSULENZA PEDAG.	30	1
F8501R	[F8501R] SCIENZE PEDAGOGICHE	F8501R031	[F8501R031] EPISTEMOLOGIA	30	1
F8701N	[F8701N] PROGRAMMAZIONE E GESTIONE DELLE POLITICHE E  DEI SERVIZI SOCIALI	A5810063	[A5810063] DIRITTO PENITENZIARIO	30	1
F8701N	[F8701N] PROGRAMMAZIONE E GESTIONE DELLE POLITICHE E  DEI SERVIZI SOCIALI	F8701N039	[F8701N039] PIANIFICAZIONE E GESTIONE DEI PROGETTI	29,91111111	1
F8701N	[F8701N] PROGRAMMAZIONE E GESTIONE DELLE POLITICHE E  DEI SERVIZI SOCIALI	F8701N035	[F8701N035] LE FORME DELLA MEDIAZIONE	29,8	1
F8801N	[F8801N] SOCIOLOGIA	F5102P095	[F5102P095] LA RICERCA-INTERVENTO NEI GRUPPI E NELLE ORGANIZZAZIONI	30	1
F8801N	[F8801N] SOCIOLOGIA	F8501R016	[F8501R016] TEORIE E PRATICHE DELLA COMUNICAZIONE EDUCATIVA	30	1
F8801N	[F8801N] SOCIOLOGIA	F8701N035	[F8701N035] LE FORME DELLA MEDIAZIONE	30	1
F9201P	[F9201P] TEORIA E TECNOLOGIA DELLA COMUNICAZIONE	F9201P027	[F9201P027] GESTIONE DELLA CONOSCENZA	30	1
F9201P	[F9201P] TEORIA E TECNOLOGIA DELLA COMUNICAZIONE	F9201P028	[F9201P028] LABORATORIO DI PROGETTAZIONE	30	1
F9201P	[F9201P] TEORIA E TECNOLOGIA DELLA COMUNICAZIONE	F9201P035	[F9201P035] SISTEMI COMPLESSI: MODELLI E SIMULAZIONE	30	1
G8501R	[G8501R] SCIENZE DELLA FORMAZIONE PRIMARIA	F8501R063	[F8501R063] EDUCATIONAL ROBOTICS	30	1
G8501R	[G8501R] SCIENZE DELLA FORMAZIONE PRIMARIA	G8501R038	[G8501R038] LETTERATURA PER L'INFANZIA CON LABORATORIO E AMBIENTI DIGITALI PER LA FORMAZIONE	29,08421053	1
G8501R	[G8501R] SCIENZE DELLA FORMAZIONE PRIMARIA	G8501R028	[G8501R028] MUSICA E DIDATTICA DELLA MUSICA CON LABORATORIO	28,95813953	1
H4101D	[H4101D] MEDICINA E CHIRURGIA	H4101D026	[H4101D026] PSICHIATRIA E PSICOLOGIA CLINICA	29,39316239	1
H4101D	[H4101D] MEDICINA E CHIRURGIA	H4101D030	[H4101D030] OSTETRICIA E GINECOLOGIA	29,37623762	1
H4101D	[H4101D] MEDICINA E CHIRURGIA	H4101D028	[H4101D028] CLINICA ORTOPEDICA E TRAUMATOLOGICA	29,28828829	1
H4601D	[H4601D] ODONTOIATRIA E PROTESI DENTARIA	H4601D011	[H4601D011] MATERIALI DENTARI	30	1
H4601D	[H4601D] ODONTOIATRIA E PROTESI DENTARIA	H4601D025	[H4601D025] PEDODONZIA	30	1
H4601D	[H4601D] ODONTOIATRIA E PROTESI DENTARIA	H4601D027	[H4601D027] CLINICA ODONTOSTOMATOLOGICA	30	1
I0101D	[I0101D] INFERMIERISTICA (ABILITANTE ALLA PROFESSIONE SANITARIA DI INFERMIERE)	I0101D904	[I0101D904] TIROCINIO 3	28,26865672	1
I0101D	[I0101D] INFERMIERISTICA (ABILITANTE ALLA PROFESSIONE SANITARIA DI INFERMIERE)	I0101D011	[I0101D011] ASSISTENZA INFERMIERISTICA IN MEDICINA SPECIALISTICA	27,42168675	1
I0101D	[I0101D] INFERMIERISTICA (ABILITANTE ALLA PROFESSIONE SANITARIA DI INFERMIERE)	I0101D903	[I0101D903] TIROCINIO 2	26,94811321	1
I0102D	[I0102D] OSTETRICIA (ABILITANTE ALLA PROFESSIONE SANITARIA DI OSTETRICA/O)	I0102D113	[I0102D113] TIROCINIO 3	28,62068966	1
I0102D	[I0102D] OSTETRICIA (ABILITANTE ALLA PROFESSIONE SANITARIA DI OSTETRICA/O)	I0102D017	[I0102D017] FISIOPATOLOGIA GENERALE E GINECOLOGIA	28,53333333	1
I0102D	[I0102D] OSTETRICIA (ABILITANTE ALLA PROFESSIONE SANITARIA DI OSTETRICA/O)	I0102D012	[I0102D012] RICERCA OSTETRICO-GINECOLOGICA E NEONATALE	28,5	1
I0201D	[I0201D] FISIOTERAPIA (ABILITANTE ALLA PROFESSIONE SANITARIA DI FISIOTERAPISTA)	I0201D120	[I0201D120] TIROCINIO III	28,80769231	1
I0201D	[I0201D] FISIOTERAPIA (ABILITANTE ALLA PROFESSIONE SANITARIA DI FISIOTERAPISTA)	I0201D107	[I0201D107] TIROCINIO I	28,77586207	1
I0201D	[I0201D] FISIOTERAPIA (ABILITANTE ALLA PROFESSIONE SANITARIA DI FISIOTERAPISTA)	I0201D114	[I0201D114] TIROCINIO II	28,37037037	1
I0202D	[I0202D] TERAPIA DELLA NEURO E PSICOMOTRICITÀ DELL'ETÀ EVOLUTIVA (ABILITANTE ALLA PROFESSIONE SANITARIA DI TERAPISTA DELLA NEURO E PSICOMOTRICITÀ DELL'ETÀ EVOLUTIVA)	I0202D117	[I0202D117] SCIENZE MEDICO CHIRURGICHE E CLINICHE SPECIALISTICHE	29,95652174	1
I0202D	[I0202D] TERAPIA DELLA NEURO E PSICOMOTRICITÀ DELL'ETÀ EVOLUTIVA (ABILITANTE ALLA PROFESSIONE SANITARIA DI TERAPISTA DELLA NEURO E PSICOMOTRICITÀ DELL'ETÀ EVOLUTIVA)	I0202D115	[I0202D115] RESPONSABILITA? PROFESSIONALI FORMATIVE E GESTIONALI ED ORGANIZZAZIONE SANITARIA	28,95	1
I0202D	[I0202D] TERAPIA DELLA NEURO E PSICOMOTRICITÀ DELL'ETÀ EVOLUTIVA (ABILITANTE ALLA PROFESSIONE SANITARIA DI TERAPISTA DELLA NEURO E PSICOMOTRICITÀ DELL'ETÀ EVOLUTIVA)	I0202D113	[I0202D113] NEUROPSICHIATRIA INFANTILE E SCIENZE PEDIATRICHE	28,23809524	1
I0301D	[I0301D] IGIENE DENTALE (ABILITANTE ALLA PROFESSIONE SANITARIA DI IGIENISTA DENTALE)	I0301D012	[I0301D012] TIROCINIO 2	29,56521739	1
I0301D	[I0301D] IGIENE DENTALE (ABILITANTE ALLA PROFESSIONE SANITARIA DI IGIENISTA DENTALE)	I0301D005	[I0301D005] FISIOPATOLOGIA ODONTOSTOMATOLOGICA E PRINCIPI DI PREVENZIONE ORO-DENTALE	29,375	1
I0301D	[I0301D] IGIENE DENTALE (ABILITANTE ALLA PROFESSIONE SANITARIA DI IGIENISTA DENTALE)	I0301D014	[I0301D014] DISCIPLINE ODONTOSTOMATOLOGICHE	28,88	1
I0302D	[I0302D] TECNICHE DI LABORATORIO BIOMEDICO (ABILITANTE ALLA PROFESSIONE SANITARIA DI TECNICO DI LABORATORIO BIOMEDICO)	I0302D020	[I0302D020] TIROCINIO 3	29,5	1
I0302D	[I0302D] TECNICHE DI LABORATORIO BIOMEDICO (ABILITANTE ALLA PROFESSIONE SANITARIA DI TECNICO DI LABORATORIO BIOMEDICO)	I0302D006	[I0302D006] TIROCINIO 1	28,375	1
I0302D	[I0302D] TECNICHE DI LABORATORIO BIOMEDICO (ABILITANTE ALLA PROFESSIONE SANITARIA DI TECNICO DI LABORATORIO BIOMEDICO)	I0302D013	[I0302D013] TIROCINIO 2	27,88	1
I0303D	[I0303D] TECNICHE DI RADIOLOGIA MEDICA, PER IMMAGINI E RADIOTERAPIA (ABILITANTE ALLA PROFESSIONE SANITARIA DI TECNICO DI RADIOLOGIA MEDICA, PER IMMAGINI E RADIOTERAPIA )	I0303D016	[I0303D016] TIROCINIO III	29,85714286	1
I0303D	[I0303D] TECNICHE DI RADIOLOGIA MEDICA, PER IMMAGINI E RADIOTERAPIA (ABILITANTE ALLA PROFESSIONE SANITARIA DI TECNICO DI RADIOLOGIA MEDICA, PER IMMAGINI E RADIOTERAPIA )	I0303D009	[I0303D009] TIROCINIO II	29,55	1
I0303D	[I0303D] TECNICHE DI RADIOLOGIA MEDICA, PER IMMAGINI E RADIOTERAPIA (ABILITANTE ALLA PROFESSIONE SANITARIA DI TECNICO DI RADIOLOGIA MEDICA, PER IMMAGINI E RADIOTERAPIA )	I0303D004	[I0303D004] TIROCINIO I	29,375	1
K0101D	[K0101D] SCIENZE INFERMIERISTICHE E OSTETRICHE	K0101D012	[K0101D012] TIROCINIO	29,7	1
K0101D	[K0101D] SCIENZE INFERMIERISTICHE E OSTETRICHE	K0101D011	[K0101D011] DINAMICHE DEI PROCESSI LAVORATIVI	29,58823529	1
K0101D	[K0101D] SCIENZE INFERMIERISTICHE E OSTETRICHE	K0101D008	[K0101D008] METODOLOGIE DIDATTICHE NELLE SCIENZE INFERMIERISTICHE E OSTETRICHE	29,05882353	1
524	[524] SCIENZE DELL'EDUCAZIONE	E1901R086	[E1901R086] METODI E TECNICHE DELLA FORMAZIONE MEDIALE	25	0
541	[541] SCIENZE DEL TURISMO E COMUNITA' LOCALE(C.SO A DISTANZA)	E1501N009	[E1501N009] SOCIOLOGIA DELLA CULTURA E DEL TEMPO LIBERO	25	0
581	[581] GIURISPRUDENZA	A5810081	[A5810081] ECONOMIA AZIENDALE	21	0
581	[581] GIURISPRUDENZA	A5810001	[A5810001] DIRITTO DEI CONSUMATORI	23,66666667	0
581	[581] GIURISPRUDENZA	A5810130	[A5810130] DIRITTO DELL'UNIONE EUROPEA	25,104	0
E0201Q	[E0201Q] BIOTECNOLOGIE	E0201Q050	[E0201Q050] METODOLOGIE BIOCHIMICHE E TECNOLOGIE BIOMOLECOLARI	22,63461538	0
E0201Q	[E0201Q] BIOTECNOLOGIE	E1301Q059	[E1301Q059] ECOLOGIA APPLICATA	23	0
E0201Q	[E0201Q] BIOTECNOLOGIE	E0201Q059	[E0201Q059] BIOCHIMICA PER LE BIOTECNOLOGIE	23,4109589	0
E1301Q	[E1301Q] SCIENZE BIOLOGICHE	E1301Q071	[E1301Q071] MATEMATICA E STATISTICA	23,92592593	0
E1301Q	[E1301Q] SCIENZE BIOLOGICHE	E0201Q067	[E0201Q067] PATOLOGIA GENERALE	24,27272727	0
E1301Q	[E1301Q] SCIENZE BIOLOGICHE	E0201Q065	[E0201Q065] BIOCHIMICA SISTEMATICA UMANA	24,33333333	0
E1401A	[E1401A] SCIENZE DEI SERVIZI GIURIDICI	E1401A038	[E1401A038] DIRITTO AMMINISTRATIVO EUROPEO	21	0
E1401A	[E1401A] SCIENZE DEI SERVIZI GIURIDICI	E1401A082	[E1401A082] POLITICA ECONOMICA	22,125	0
E1401A	[E1401A] SCIENZE DEI SERVIZI GIURIDICI	E1401A015	[E1401A015] ECONOMIA AZIENDALE	22,58064516	0
E1501N	[E1501N] SCIENZE DEL TURISMO E COMUNITÀ LOCALE	E1501N076	[E1501N076] GENERE E TURISMO	22,61458333	0
E1501N	[E1501N] SCIENZE DEL TURISMO E COMUNITÀ LOCALE	E3301M183	[E3301M183] LINGUA- TEDESCO	23	0
E1501N	[E1501N] SCIENZE DEL TURISMO E COMUNITÀ LOCALE	E1501N002	[E1501N002] ECONOMIA AZIENDALE	23,3539823	0
E1502N	[E1502N] SCIENZE DEL TURISMO E COMUNITÀ LOCALE (NETTUNO)	E1501N080	[E1501N080] MARKETING	19	0
E1601N	[E1601N] SCIENZE DELL'ORGANIZZAZIONE	E2001R010	[E2001R010] ORGANIZZAZIONE AZIENDALE	20	0
E1601N	[E1601N] SCIENZE DELL'ORGANIZZAZIONE	E1601N020	[E1601N020] MATEMATICA	20,97701149	0
E1601N	[E1601N] SCIENZE DELL'ORGANIZZAZIONE	E1501N081	[E1501N081] WEB MARKETING	21	0
E1801M	[E1801M] MARKETING, COMUNICAZIONE AZIENDALE E MERCATI GLOBALI	E1803M075	[E1803M075] ECONOMIA DELLE ISTITUZIONI FINANZIARIE	19	0
E1801M	[E1801M] MARKETING, COMUNICAZIONE AZIENDALE E MERCATI GLOBALI	E1803M081	[E1803M081] FINANZA AZIENDALE	21,22222222	0
E1801M	[E1801M] MARKETING, COMUNICAZIONE AZIENDALE E MERCATI GLOBALI	E3301M155	[E3301M155] CONTABILITA' DEGLI ENTI PUBBLICI	22	0
E1802M	[E1802M] ECONOMIA E AMMINISTRAZIONE DELLE IMPRESE	E1803M054	[E1803M054] ECONOMIA DEL SETTORE FINANZIARIO	19	0
E1802M	[E1802M] ECONOMIA E AMMINISTRAZIONE DELLE IMPRESE	A5810056	[A5810056] DIRITTO FALLIMENTARE	23	0
E1802M	[E1802M] ECONOMIA E AMMINISTRAZIONE DELLE IMPRESE	E1802M115	[E1802M115] METODI QUANTITATIVI PER L'AMMINISTRAZIONE DELLE IMPRESE	23,01818182	0
E1803M	[E1803M] ECONOMIA DELLE BANCHE, DELLE ASSICURAZIONI E DEGLI INTERMEDIARI FINANZIARI	E2001R051	[E2001R051] LINGUA ARABA I	18	0
E1803M	[E1803M] ECONOMIA DELLE BANCHE, DELLE ASSICURAZIONI E DEGLI INTERMEDIARI FINANZIARI	E3301M138	[E3301M138] ECONOMIA E TECNICA DELLA COMUNICAZIONE AZIENDALE	21,72727273	0
E1803M	[E1803M] ECONOMIA DELLE BANCHE, DELLE ASSICURAZIONI E DEGLI INTERMEDIARI FINANZIARI	E1803M057	[E1803M057] LINGUA - INGLESE	22,26136364	0
E1901R	[E1901R] SCIENZE DELL'EDUCAZIONE	E2401P029	[E2401P029] TECNICHE DEL COLLOQUIO	22	0
E1901R	[E1901R] SCIENZE DELL'EDUCAZIONE	A5810046	[A5810046] CRIMINOLOGIA	23	0
E1901R	[E1901R] SCIENZE DELL'EDUCAZIONE	E2401P011	[E2401P011] PSICOLOGIA SOCIALE	23	0
E2001R	[E2001R] COMUNICAZIONE INTERCULTURALE	E3301M180	[E3301M180] LINGUA - INGLESE	19,5	0
E2001R	[E2001R] COMUNICAZIONE INTERCULTURALE	E2004P013	[E2004P013] PSICOLOGIA DELL'ARTE	21,5	0
E2001R	[E2001R] COMUNICAZIONE INTERCULTURALE	E1601N010	[E1601N010] INNOVAZIONE ORGANIZZATIVA	22	0
E2003P	[E2003P] COMUNICAZIONE E PSICOLOGIA	E2004P038	[E2004P038] WEB MARKETING	30	0
E2004P	[E2004P] SCIENZE PSICOSOCIALI DELLA COMUNICAZIONE	E2401P029	[E2401P029] TECNICHE DEL COLLOQUIO	18	0
E2004P	[E2004P] SCIENZE PSICOSOCIALI DELLA COMUNICAZIONE	E3301M138	[E3301M138] ECONOMIA E TECNICA DELLA COMUNICAZIONE AZIENDALE	21,5	0
E2004P	[E2004P] SCIENZE PSICOSOCIALI DELLA COMUNICAZIONE	E2401P016	[E2401P016] PENSIERO E COMUNICAZIONE	23	0
E2401P	[E2401P] SCIENZE E TECNICHE PSICOLOGICHE	E1601N055	[E1601N055] SCIENZA DELLA POLITICA	20	0
E2401P	[E2401P] SCIENZE E TECNICHE PSICOLOGICHE	E3101Q103	[E3101Q103] BASI DI DATI	21	0
E2401P	[E2401P] SCIENZE E TECNICHE PSICOLOGICHE	E2401P001	[E2401P001] PSICOLOGIA GENERALE 1	24,81766382	0
E2701Q	[E2701Q] SCIENZA DEI MATERIALI	E2702Q099	[E2702Q099] CHIMICA FISICA APPLICATA	23,2	0
E2701Q	[E2701Q] SCIENZA DEI MATERIALI	E3001Q052	[E3001Q052] ELEMENTI DI ELETTRONICA	23,33333333	0
E2701Q	[E2701Q] SCIENZA DEI MATERIALI	E2701Q035	[E2701Q035] CHIMICA ORGANICA	23,6097561	0
E2702Q	[E2702Q] SCIENZE E TECNOLOGIE CHIMICHE	E0201Q067	[E0201Q067] PATOLOGIA GENERALE	21	0
E2702Q	[E2702Q] SCIENZE E TECNOLOGIE CHIMICHE	E2702Q001	[E2702Q001] MATEMATICA I	24,73846154	0
E2702Q	[E2702Q] SCIENZE E TECNOLOGIE CHIMICHE	E2702Q082	[E2702Q082] CHIMICA GENERALE E LABORATORIO	25,15625	0
E3001Q	[E3001Q] FISICA	E2702Q099	[E2702Q099] CHIMICA FISICA APPLICATA	19	0
E3001Q	[E3001Q] FISICA	E3401Q040	[E3401Q040] GEOGRAFIA FISICA	19,5	0
E3001Q	[E3001Q] FISICA	E4101B017	[E4101B017] ECONOMETRIA	22	0
E3002Q	[E3002Q] OTTICA E OPTOMETRIA	E3002Q001	[E3002Q001] ISTITUZIONI DI MATEMATICA I	21,10810811	0
E3002Q	[E3002Q] OTTICA E OPTOMETRIA	E1802M116	[E1802M116] MANAGEMENT	22	0
E3002Q	[E3002Q] OTTICA E OPTOMETRIA	E2001R010	[E2001R010] ORGANIZZAZIONE AZIENDALE	22	0
E3101Q	[E3101Q] INFORMATICA	E3101Q100	[E3101Q100] ANALISI MATEMATICA	20,64900662	0
E3101Q	[E3101Q] INFORMATICA	E3101Q101	[E3101Q101] COMPLEMENTI DI MATEMATICA	20,86486486	0
E3101Q	[E3101Q] INFORMATICA	E3101Q104	[E3101Q104] ARCHITETTURA DEGLI ELABORATORI	21,6	0
E3201Q	[E3201Q] SCIENZE E TECNOLOGIE PER L'AMBIENTE	E0201Q055	[E0201Q055] COMPOSTI ORGANICI DI INTERESSE MERCEOLOGICO	18	0
E3201Q	[E3201Q] SCIENZE E TECNOLOGIE PER L'AMBIENTE	E0201Q069	[E0201Q069] MICROBIOLOGIA INDUSTRIALE	21	0
E3201Q	[E3201Q] SCIENZE E TECNOLOGIE PER L'AMBIENTE	E3401Q053	[E3401Q053] INTRODUZIONE ALLA GEOGRAFIA DEGLI OCEANI	22	0
E3301M	[E3301M] ECONOMIA E COMMERCIO	E3301M131	[E3301M131] METODI MATEMATICI	21,73563218	0
E3301M	[E3301M] ECONOMIA E COMMERCIO	E3301M159	[E3301M159] STATISTICA PER L'AZIENDA	22,33962264	0
E3301M	[E3301M] ECONOMIA E COMMERCIO	E3301M128	[E3301M128] MATEMATICA GENERALE I	23,74210526	0
E3401Q	[E3401Q] SCIENZE E TECNOLOGIE GEOLOGICHE	E3401Q038	[E3401Q038] INFORMATICA PER LE SCIENZE DELLA TERRA	22,58333333	0
E3401Q	[E3401Q] SCIENZE E TECNOLOGIE GEOLOGICHE	E3401Q001	[E3401Q001] MATEMATICA	22,67213115	0
E3401Q	[E3401Q] SCIENZE E TECNOLOGIE GEOLOGICHE	E3401Q013	[E3401Q013] MINERALOGIA	23,09433962	0
E3501Q	[E3501Q] MATEMATICA	E1801M028	[E1801M028] ELEMENTI DI CONTABILITÀ E BILANCIO	19	0
E3501Q	[E3501Q] MATEMATICA	E2701Q043	[E2701Q043] STRUTTURA DELLA MATERIA I	21	0
E3501Q	[E3501Q] MATEMATICA	E3001Q054	[E3001Q054] ELEMENTI DI ASTROFISICA	21	0
E3901N	[E3901N] SERVIZIO SOCIALE	E3901N003	[E3901N003] ISTITUZIONI DI DIRITTO PUBBLICO	22,02898551	0
E3901N	[E3901N] SERVIZIO SOCIALE	E3901N028	[E3901N028] PSICOLOGIA DELLO SVILUPPO	23,73770492	0
E3901N	[E3901N] SERVIZIO SOCIALE	E3901N010	[E3901N010] SOCIOLOGIA DELLA FAMIGLIA	23,76811594	0
E4001N	[E4001N] SOCIOLOGIA	E3901N030	[E3901N030] SOCIOLOGIA DELLA DEVIANZA	21,5	0
E4001N	[E4001N] SOCIOLOGIA	E4102B009	[E4102B009] ANALISI MATEMATICA II	22	0
E4001N	[E4001N] SOCIOLOGIA	E4001N057	[E4001N057] SOCIOLOGIA DELLA FAMIGLIA	22,16666667	0
E4101B	[E4101B] SCIENZE STATISTICHE ED ECONOMICHE	E3301M097	[E3301M097] ECONOMIA AZIENDALE	18	0
E4101B	[E4101B] SCIENZE STATISTICHE ED ECONOMICHE	E3301M196	[E3301M196] MANAGEMENT	18	0
E4101B	[E4101B] SCIENZE STATISTICHE ED ECONOMICHE	E2004P038	[E2004P038] WEB MARKETING	20	0
E4102B	[E4102B] STATISTICA E GESTIONE DELLE INFORMAZIONI	E4101B023	[E4101B023] ECONOMIA INDUSTRIALE	18	0
E4102B	[E4102B] STATISTICA E GESTIONE DELLE INFORMAZIONI	E4102B005	[E4102B005] STATISTICA I	22,90769231	0
E4102B	[E4102B] STATISTICA E GESTIONE DELLE INFORMAZIONI	E4102B043	[E4102B043] PIANO DEGLI ESPERIMENTI	23,11111111	0
F0101R	[F0101R] SCIENZE ANTROPOLOGICHE ED ETNOLOGICHE	F8501R010	[F8501R010] PEDAGOGIA DELLA DEVIANZA E DELLA MARGINALITÀ	18	0
F0101R	[F0101R] SCIENZE ANTROPOLOGICHE ED ETNOLOGICHE	F0101R066	[F0101R066] STORIA MODERNA	27	0
F0101R	[F0101R] SCIENZE ANTROPOLOGICHE ED ETNOLOGICHE	F0101R017	[F0101R017] LETTERATURE COMPARATE	27,46153846	0
F0601Q	[F0601Q] BIOLOGIA	F0601Q066	[F0601Q066] BIOGEOGRAFIA	24,33333333	0
F0601Q	[F0601Q] BIOLOGIA	F0601Q050	[F0601Q050] METODOLOGIE BIOCHIMICHE	25,86046512	0
F0601Q	[F0601Q] BIOLOGIA	F0802Q046	[F0802Q046] INTERAZIONI LIGANDO-MACROMOLECOLA	27	0
F0802Q	[F0802Q] BIOTECNOLOGIE INDUSTRIALI	F7501Q020	[F7501Q020] TOSSICOLOGIA AMBIENTALE	26	0
F0802Q	[F0802Q] BIOTECNOLOGIE INDUSTRIALI	F0601Q070	[F0601Q070] OMEOSTASI CELLULARE NEI TESSUTI SOMATICI E CELLULE STAMINALI	26,33333333	0
F0802Q	[F0802Q] BIOTECNOLOGIE INDUSTRIALI	F0802Q060	[F0802Q060] INGEGNERIA DI PROCESSO	26,8	0
F0901D	[F0901D] BIOTECNOLOGIE MEDICHE	F0901D044	[F0901D044] FISIOLOGIA INTEGRATA:DALLE CELLULE AI SISTEMI	26,25	0
F0901D	[F0901D] BIOTECNOLOGIE MEDICHE	F0901D040	[F0901D040] GENOMICA FUNZIONALE	26,5625	0
F0901D	[F0901D] BIOTECNOLOGIE MEDICHE	F0901D042	[F0901D042] NANOMEDICINA	26,77777778	0
F1601M	[F1601M] ECONOMIA E FINANZA	F1601M056	[F1601M056] INFORMATICA PER LA FINANZA	24,21875	0
F1601M	[F1601M] ECONOMIA E FINANZA	F1601M053	[F1601M053] STATISTICA PER LA FINANZA	24,51612903	0
F1601M	[F1601M] ECONOMIA E FINANZA	F1601M057	[F1601M057] BANK MANAGEMENT	25,91666667	0
F1701Q	[F1701Q] FISICA	F1701Q116	[F1701Q116] ELETTRONICA	25,4	0
F1701Q	[F1701Q] FISICA	F5301Q034	[F5301Q034] SCIENZA DEI METALLI	26,5	0
F1701Q	[F1701Q] FISICA	F1701Q107	[F1701Q107] TEORIA DELLA MATERIA CONDENSATA I	27	0
F1801Q	[F1801Q] INFORMATICA	F1801Q122	[F1801Q122] TEORIA DELL'INFORMAZIONE E CRITTOGRAFIA	26,33333333	0
F1801Q	[F1801Q] INFORMATICA	F1801Q132	[F1801Q132] MODELLI E COMPUTAZIONE	27,01282051	0
F1801Q	[F1801Q] INFORMATICA	F1801Q138	[F1801Q138] PERCEZIONE E ROBOTICA	27,4	0
F4001Q	[F4001Q] MATEMATICA	F4001Q074	[F4001Q074] ANALISI ARMONICA	26	0
F4001Q	[F4001Q] MATEMATICA	F4001Q079	[F4001Q079] GEOMETRIA E FISICA	26,4	0
F4001Q	[F4001Q] MATEMATICA	F4001Q090	[F4001Q090] COMBINATORICA ALGEBRICA	26,5	0
F4901N	[F4901N] TURISMO, TERRITORIO E SVILUPPO LOCALE	F4901N001	[F4901N001] INGLESE PER IL TURISMO	26,35714286	0
F4901N	[F4901N] TURISMO, TERRITORIO E SVILUPPO LOCALE	F4901N074	[F4901N074] GEOGRAFIA DEGLI SPAZI EXTRAEUROPEI	26,44444444	0
F4901N	[F4901N] TURISMO, TERRITORIO E SVILUPPO LOCALE	F4901N071	[F4901N071] METODI QUANTITATIVI E QUALITATIVI DELLA RICERCA SOCIALE	26,46875	0
F5101P	[F5101P] PSICOLOGIA CLINICA, DELLO SVILUPPO E NEUROPSICOLOGIA	F5102P017	[F5102P017] PSICOLOGIA DEI CONSUMI	24	0
F5101P	[F5101P] PSICOLOGIA CLINICA, DELLO SVILUPPO E NEUROPSICOLOGIA	F5102P015	[F5102P015] PSICOLOGIA DELLE INFLUENZE SOCIALI	26,66666667	0
F5101P	[F5101P] PSICOLOGIA CLINICA, DELLO SVILUPPO E NEUROPSICOLOGIA	F5103P072	[F5103P072] TECNICHE STATISTICHE PER L'ANALISI DEL CAMBIAMENTO	27	0
F5102P	[F5102P] PSICOLOGIA DEI PROCESSI SOCIALI, DECISIONALI E DEI COMPORTAMENTI ECONOMICI	F0101R067	[F0101R067] CULTURE E SOCIETA' DELLA CINA	26	0
F5102P	[F5102P] PSICOLOGIA DEI PROCESSI SOCIALI, DECISIONALI E DEI COMPORTAMENTI ECONOMICI	F5102P006	[F5102P006] METODOLOGIE QUANTITATIVE	26,27272727	0
F5102P	[F5102P] PSICOLOGIA DEI PROCESSI SOCIALI, DECISIONALI E DEI COMPORTAMENTI ECONOMICI	F5102P003	[F5102P003] METODOLOGIE QUALITATIVE	26,44444444	0
F5103P	[F5103P] PSICOLOGIA DELLO SVILUPPO E DEI PROCESSI EDUCATIVI	F5103P078	[F5103P078] PSICHIATRIA E NEUROPSICHIATRIA INFANTILE	24,36363636	0
F5103P	[F5103P] PSICOLOGIA DELLO SVILUPPO E DEI PROCESSI EDUCATIVI	F5103P002	[F5103P002] METODI DI RICERCA E VALUTAZIONE IN PSICOLOGIA DELLO SVILUPPO	24,53488372	0
F5103P	[F5103P] PSICOLOGIA DELLO SVILUPPO E DEI PROCESSI EDUCATIVI	F5103P066	[F5103P066] NEUROPSICOLOGIA DELLO SVILUPPO	24,90769231	0
F5104P	[F5104P] PSICOLOGIA CLINICA E NEUROPSICOLOGIA NEL CICLO DI VITA	F5103P006	[F5103P006] PSICOLOGIA DELLA DISABILITÀ E DELLA INTEGRAZIONE SCOLASTICA	23	0
F5104P	[F5104P] PSICOLOGIA CLINICA E NEUROPSICOLOGIA NEL CICLO DI VITA	F5102P094	[F5102P094] PSICOLOGIA SOCIALE DELLA RELIGIONE	25	0
F5104P	[F5104P] PSICOLOGIA CLINICA E NEUROPSICOLOGIA NEL CICLO DI VITA	F5104P002	[F5104P002] NEUROPSICOLOGIA DELL'ADULTO E DELL'ANZIANO	25,88832487	0
F5301Q	[F5301Q] SCIENZA DEI MATERIALI	F5301Q025	[F5301Q025] CHIMICA FISICA APPLICATA CON LABORATORIO	25,14285714	0
F5301Q	[F5301Q] SCIENZA DEI MATERIALI	F5301Q008	[F5301Q008] ANALISI FUNZIONALE	26,58823529	0
F5301Q	[F5301Q] SCIENZA DEI MATERIALI	F5301Q033	[F5301Q033] MATERIALI E DISPOSITIVI PER L'ENERGIA	26,8	0
F5401Q	[F5401Q] SCIENZE E TECNOLOGIE CHIMICHE	F5401Q035	[F5401Q035] TERMODINAMICA E CINETICA DEI MATERIALI	25	0
F5401Q	[F5401Q] SCIENZE E TECNOLOGIE CHIMICHE	F5401Q028	[F5401Q028] SPETTROSCOPIA E SINTESI DI COMPOSTI INORGANICI	27,18181818	0
F5401Q	[F5401Q] SCIENZE E TECNOLOGIE CHIMICHE	F5401Q018	[F5401Q018] CHEMIOMETRIA	27,5	0
F5602M	[F5602M] INTERNATIONAL ECONOMICS - ECONOMIA INTERNAZIONALE	F5602M014	[F5602M014] INDUSTRIAL ORGANIZATION	24,14285714	0
F5602M	[F5602M] INTERNATIONAL ECONOMICS - ECONOMIA INTERNAZIONALE	F5602M003	[F5602M003] MICROECONOMICS OF GLOBAL MARKETS	24,7037037	0
F5602M	[F5602M] INTERNATIONAL ECONOMICS - ECONOMIA INTERNAZIONALE	F5602M002	[F5602M002] QUANTITATIVE METHODS	24,91304348	0
F5701R	[F5701R] FORMAZIONE E SVILUPPO DELLE RISORSE UMANE	F0101R021	[F0101R021] SOCIOLOGIA DEI PROCESSI CULT. E COM.	21	0
F5701R	[F5701R] FORMAZIONE E SVILUPPO DELLE RISORSE UMANE	F8501R057	[F8501R057] PSICOLOGIA CLINICA II	21	0
F5701R	[F5701R] FORMAZIONE E SVILUPPO DELLE RISORSE UMANE	F8501R008	[F8501R008] POLITICHE SOCIALI II	23,5	0
F5801Q	[F5801Q] ASTROFISICA E FISICA DELLO SPAZIO	F5801Q045	[F5801Q045] COSMOLOGIA	27,2	0
F5801Q	[F5801Q] ASTROFISICA E FISICA DELLO SPAZIO	F8501R031	[F8501R031] EPISTEMOLOGIA	27,5	0
F5801Q	[F5801Q] ASTROFISICA E FISICA DELLO SPAZIO	F5801Q019	[F5801Q019] STRUMENTAZIONE ASTRONOMICA	28	0
F6302N	[F6302N] MANAGEMENT E DESIGN DEI SERVIZI	F7702M057	[F7702M057] GLOBAL ACCOUNTING	18	0
F6302N	[F6302N] MANAGEMENT E DESIGN DEI SERVIZI	F7702M048	[F7702M048] ANALISI QUANTITATIVE D'IMPRESA PER I MERCATI GLOBALI	23	0
F6302N	[F6302N] MANAGEMENT E DESIGN DEI SERVIZI	F6302N022	[F6302N022] DIRITTO DEI CONSUMATORI	24,36206897	0
F7401Q	[F7401Q] SCIENZE E TECNOLOGIE GEOLOGICHE	F7401Q095	[F7401Q095] PALEOCEANOGRAFIA E PALEOCLIMATOLOGIA	23,66666667	0
F7401Q	[F7401Q] SCIENZE E TECNOLOGIE GEOLOGICHE	F7401Q046	[F7401Q046] GEOBIOLOGIA	24	0
F7401Q	[F7401Q] SCIENZE E TECNOLOGIE GEOLOGICHE	F7401Q093	[F7401Q093] GEOFISICA APPLICATA	24	0
F7501Q	[F7501Q] SCIENZE E TECNOLOGIE PER L'AMBIENTE E IL TERRITORIO	F7501Q037	[F7501Q037] DIRITTO AMBIENTALE	26,84210526	0
F7501Q	[F7501Q] SCIENZE E TECNOLOGIE PER L'AMBIENTE E IL TERRITORIO	F7501Q040	[F7501Q040] BOTANICA APPLICATA	27	0
F7501Q	[F7501Q] SCIENZE E TECNOLOGIE PER L'AMBIENTE E IL TERRITORIO	F7501Q059	[F7501Q059] TELERILEVAMENTO APPLICATO	27,22222222	0
F7502Q	[F7502Q] MARINE SCIENCES - SCIENZE MARINE	F7502Q005	[F7502Q005] PHYSICS OF THE SEA	26,52631579	0
F7502Q	[F7502Q] MARINE SCIENCES - SCIENZE MARINE	F7502Q012	[F7502Q012] MARINE VERTEBRATE ZOOLOGY	27,46666667	0
F7502Q	[F7502Q] MARINE SCIENCES - SCIENZE MARINE	F7502Q013	[F7502Q013] GEOBIOLOGY	28	0
F7601M	[F7601M] ECONOMIA DEL TURISMO	F4901N073	[F4901N073] MARKETING URBANO	24,5	0
F7601M	[F7601M] ECONOMIA DEL TURISMO	F7601M050	[F7601M050] DIRITTO DELL'AMBIENTE E DEI BENI CULTURALI	25,17647059	0
F7601M	[F7601M] ECONOMIA DEL TURISMO	F7601M075	[F7601M075] PRINCIPI DI INFERENZA PER LE APPLICAZIONI TURISTICHE	25,3125	0
F7701M	[F7701M] SCIENZE ECONOMICO-AZIENDALI	F7702M046	[F7702M046] DIRITTO DELLE COMUNICAZIONI	23	0
F7701M	[F7701M] SCIENZE ECONOMICO-AZIENDALI	F7701M082	[F7701M082] ELEMENTI DI PROGRAMMAZIONE	25,14666667	0
F7701M	[F7701M] SCIENZE ECONOMICO-AZIENDALI	F7701M093	[F7701M093] METODI QUANTITATIVI PER IL MANAGEMENT	25,56410256	0
F7702M	[F7702M] MARKETING E MERCATI GLOBALI	F7702M057	[F7702M057] GLOBAL ACCOUNTING	21,69767442	0
F7702M	[F7702M] MARKETING E MERCATI GLOBALI	F5102P014	[F5102P014] PROCESSI MOTIVAZIONALI E DECISION MAKING	25	0
F7702M	[F7702M] MARKETING E MERCATI GLOBALI	F7702M044	[F7702M044] INDUSTRIAL ECONOMICS	25,34375	0
F8202B	[F8202B] SCIENZE STATISTICHE ED ECONOMICHE	F8204B010	[F8204B010] STATISTICA SPAZIALE M	18	0
F8202B	[F8202B] SCIENZE STATISTICHE ED ECONOMICHE	F8204B020	[F8204B020] ECONOMICS FOR DATA SCIENCE M	21	0
F8202B	[F8202B] SCIENZE STATISTICHE ED ECONOMICHE	F8204B027	[F8204B027] STATISTICA AZIENDALE M	23	0
F8203B	[F8203B] BIOSTATISTICA	F8203B003	[F8203B003] INFERENZA STATISTICA	24,82142857	0
F8203B	[F8203B] BIOSTATISTICA	F8203B029	[F8203B029] INTRODUZIONE AI MODELLI STATISTICI	26,1	0
F8203B	[F8203B] BIOSTATISTICA	F8203B004	[F8203B004] CALCOLO DELLE PROBABILITA'	26,33333333	0
F8204B	[F8204B] SCIENZE STATISTICHE ED ECONOMICHE	F8204B024	[F8204B024] FINANZA MATEMATICA M	23,8	0
F8204B	[F8204B] SCIENZE STATISTICHE ED ECONOMICHE	F8204B016	[F8204B016] STATISTICA BAYESIANA M	24	0
F8204B	[F8204B] SCIENZE STATISTICHE ED ECONOMICHE	F8204B015	[F8204B015] STATISTICAL LEARNING M	25,25	0
F8501R	[F8501R] SCIENZE PEDAGOGICHE	F8501R022	[F8501R022] ORGANIZZAZIONE E GESTIONE DELLE RISORSE UMANE	22	0
F8501R	[F8501R] SCIENZE PEDAGOGICHE	F5103P006	[F5103P006] PSICOLOGIA DELLA DISABILITÀ E DELLA INTEGRAZIONE SCOLASTICA	26	0
F8501R	[F8501R] SCIENZE PEDAGOGICHE	F8501R008	[F8501R008] POLITICHE SOCIALI II	26,568	0
F8701N	[F8701N] PROGRAMMAZIONE E GESTIONE DELLE POLITICHE E  DEI SERVIZI SOCIALI	A5810010	[A5810010] DIRITTO AMMINISTRATIVO	25	0
F8701N	[F8701N] PROGRAMMAZIONE E GESTIONE DELLE POLITICHE E  DEI SERVIZI SOCIALI	F8701N001	[F8701N001] WELFARE	25,51219512	0
F8701N	[F8701N] PROGRAMMAZIONE E GESTIONE DELLE POLITICHE E  DEI SERVIZI SOCIALI	F8701N008	[F8701N008] DIRITTO DEGLI STRANIERI	25,73529412	0
F8801N	[F8801N] SOCIOLOGIA	F8801N016	[F8801N016] ECONOMIA DEL TERRITORIO E DELLO SVILUPPO	24,35714286	0
F8801N	[F8801N] SOCIOLOGIA	F8501R022	[F8501R022] ORGANIZZAZIONE E GESTIONE DELLE RISORSE UMANE	24,5	0
F8801N	[F8801N] SOCIOLOGIA	F4901N074	[F4901N074] GEOGRAFIA DEGLI SPAZI EXTRAEUROPEI	25	0
F9201P	[F9201P] TEORIA E TECNOLOGIA DELLA COMUNICAZIONE	F9201P004	[F9201P004] COMUNICAZIONE VISIVA E DESIGN DELLE INTERFACCE	24,06122449	0
F9201P	[F9201P] TEORIA E TECNOLOGIA DELLA COMUNICAZIONE	F9201P009	[F9201P009] PSICOLOGIA DEI CONSUMI	24,56521739	0
F9201P	[F9201P] TEORIA E TECNOLOGIA DELLA COMUNICAZIONE	F9201P021	[F9201P021] PSICOLOGIA DELLE INFLUENZE SOCIALI	24,57142857	0
G8501R	[G8501R] SCIENZE DELLA FORMAZIONE PRIMARIA	G8501R006	[G8501R006] ISTITUZIONI DI MATEMATICHE	23,0866426	0
G8501R	[G8501R] SCIENZE DELLA FORMAZIONE PRIMARIA	G8501R004	[G8501R004] LINGUISTICA ITALIANA	23,93010753	0
G8501R	[G8501R] SCIENZE DELLA FORMAZIONE PRIMARIA	G8501R012	[G8501R012] ISTITUZIONI E DIDATTICA DELLA MATEMATICA CON LABORATORIO	24,50322581	0
H4101D	[H4101D] MEDICINA E CHIRURGIA	H4101D252	[H4101D252] SCIENZE PROPEDEUTICHE	26,20930233	0
H4101D	[H4101D] MEDICINA E CHIRURGIA	H4101D021	[H4101D021] SANITA' PUBBLICA, IGIENE E MEDICINA DEL LAVORO	26,7755102	0
H4101D	[H4101D] MEDICINA E CHIRURGIA	H4101D253	[H4101D253] FISIOLOGIA UMANA	26,80530973	0
H4601D	[H4601D] ODONTOIATRIA E PROTESI DENTARIA	H4601D066	[H4601D066] BIOLOGIA E GENETICA	22,90909091	0
H4601D	[H4601D] ODONTOIATRIA E PROTESI DENTARIA	H4601D002	[H4601D002] ANATOMIA, ISTOLOGIA ED EMBRIOLOGIA GENERALI E DELL'APPARATO STOMATOGNATICO	24,6	0
H4601D	[H4601D] ODONTOIATRIA E PROTESI DENTARIA	H4601D001	[H4601D001] SCIENZE PROPEDEUTICHE	24,69565217	0
I0101D	[I0101D] INFERMIERISTICA (ABILITANTE ALLA PROFESSIONE SANITARIA DI INFERMIERE)	I0101D004	[I0101D004] FISIOLOGIA UMANA	21,18461538	0
I0101D	[I0101D] INFERMIERISTICA (ABILITANTE ALLA PROFESSIONE SANITARIA DI INFERMIERE)	I0101D015	[I0101D015] ELEMENTI DI ORGANIZZAZIONE PROFESSIONALE	22,95336788	0
I0101D	[I0101D] INFERMIERISTICA (ABILITANTE ALLA PROFESSIONE SANITARIA DI INFERMIERE)	I0101D003	[I0101D003] IGIENE, MEDICINA DEL LAVORO E STATISTICA MEDICA	22,96842105	0
I0102D	[I0102D] OSTETRICIA (ABILITANTE ALLA PROFESSIONE SANITARIA DI OSTETRICA/O)	I0102D003	[I0102D003] IGIENE, MEDICINA DEL LAVORO E STATISTICA MEDICA	24,7	0
I0102D	[I0102D] OSTETRICIA (ABILITANTE ALLA PROFESSIONE SANITARIA DI OSTETRICA/O)	I0102D004	[I0102D004] FISIOLOGIA UMANA	24,91304348	0
I0102D	[I0102D] OSTETRICIA (ABILITANTE ALLA PROFESSIONE SANITARIA DI OSTETRICA/O)	I0102D007	[I0102D007] SCIENZE UMANE	25,26666667	0
I0201D	[I0201D] FISIOTERAPIA (ABILITANTE ALLA PROFESSIONE SANITARIA DI FISIOTERAPISTA)	I0201D101	[I0201D101] CINESIOLOGIA	20,98305085	0
I0201D	[I0201D] FISIOTERAPIA (ABILITANTE ALLA PROFESSIONE SANITARIA DI FISIOTERAPISTA)	I0201D108	[I0201D108] NEUROPSICHIATRIA NEUROFISIOLOGIA E SVILUPPO	21,53703704	0
I0201D	[I0201D] FISIOTERAPIA (ABILITANTE ALLA PROFESSIONE SANITARIA DI FISIOTERAPISTA)	I0201D115	[I0201D115] MEDICINA RIABILITATIVA	23,47058824	0
I0202D	[I0202D] TERAPIA DELLA NEURO E PSICOMOTRICITÀ DELL'ETÀ EVOLUTIVA (ABILITANTE ALLA PROFESSIONE SANITARIA DI TERAPISTA DELLA NEURO E PSICOMOTRICITÀ DELL'ETÀ EVOLUTIVA)	I0202D101	[I0202D101] CINESIOLOGIA	20,93103448	0
I0202D	[I0202D] TERAPIA DELLA NEURO E PSICOMOTRICITÀ DELL'ETÀ EVOLUTIVA (ABILITANTE ALLA PROFESSIONE SANITARIA DI TERAPISTA DELLA NEURO E PSICOMOTRICITÀ DELL'ETÀ EVOLUTIVA)	I0202D121	[I0202D121] BASI DEL MOVIMENTO	24,24137931	0
I0202D	[I0202D] TERAPIA DELLA NEURO E PSICOMOTRICITÀ DELL'ETÀ EVOLUTIVA (ABILITANTE ALLA PROFESSIONE SANITARIA DI TERAPISTA DELLA NEURO E PSICOMOTRICITÀ DELL'ETÀ EVOLUTIVA)	I0202D118	[I0202D118] SCIENZE PSICOMOTORIE E RIABILITATIVE 2	24,52173913	0
I0301D	[I0301D] IGIENE DENTALE (ABILITANTE ALLA PROFESSIONE SANITARIA DI IGIENISTA DENTALE)	I0301D003	[I0301D003] ORGANI E FUNZIONI	20,85714286	0
I0301D	[I0301D] IGIENE DENTALE (ABILITANTE ALLA PROFESSIONE SANITARIA DI IGIENISTA DENTALE)	I0301D001	[I0301D001] SCIENZE PROPEDEUTICHE	21,5	0
I0301D	[I0301D] IGIENE DENTALE (ABILITANTE ALLA PROFESSIONE SANITARIA DI IGIENISTA DENTALE)	I0301D002	[I0301D002] SCIENZE BIOMEDICHE	22	0
I0302D	[I0302D] TECNICHE DI LABORATORIO BIOMEDICO (ABILITANTE ALLA PROFESSIONE SANITARIA DI TECNICO DI LABORATORIO BIOMEDICO)	I0302D001	[I0302D001] SCIENZE PROPEDEUTICHE	21	0
I0302D	[I0302D] TECNICHE DI LABORATORIO BIOMEDICO (ABILITANTE ALLA PROFESSIONE SANITARIA DI TECNICO DI LABORATORIO BIOMEDICO)	I0302D002	[I0302D002] SCIENZE BIOMEDICHE	22,41666667	0
I0302D	[I0302D] TECNICHE DI LABORATORIO BIOMEDICO (ABILITANTE ALLA PROFESSIONE SANITARIA DI TECNICO DI LABORATORIO BIOMEDICO)	I0302D003	[I0302D003] ORGANI E FUNZIONI	22,4375	0
I0303D	[I0303D] TECNICHE DI RADIOLOGIA MEDICA, PER IMMAGINI E RADIOTERAPIA (ABILITANTE ALLA PROFESSIONE SANITARIA DI TECNICO DI RADIOLOGIA MEDICA, PER IMMAGINI E RADIOTERAPIA )	I0303D001	[I0303D001] SCIENZE PROPEDEUTICHE	23,93333333	0
I0303D	[I0303D] TECNICHE DI RADIOLOGIA MEDICA, PER IMMAGINI E RADIOTERAPIA (ABILITANTE ALLA PROFESSIONE SANITARIA DI TECNICO DI RADIOLOGIA MEDICA, PER IMMAGINI E RADIOTERAPIA )	I0303D002	[I0303D002] SCIENZE BIOMEDICHE	24,08695652	0
I0303D	[I0303D] TECNICHE DI RADIOLOGIA MEDICA, PER IMMAGINI E RADIOTERAPIA (ABILITANTE ALLA PROFESSIONE SANITARIA DI TECNICO DI RADIOLOGIA MEDICA, PER IMMAGINI E RADIOTERAPIA )	I0303D003	[I0303D003] ORGANI E FUNZIONI	24,625	0
K0101D	[K0101D] SCIENZE INFERMIERISTICHE E OSTETRICHE	K0101D002	[K0101D002] METODOLOGIA DI ANALISI SOCIO-SANITARIA	24,60714286	0
K0101D	[K0101D] SCIENZE INFERMIERISTICHE E OSTETRICHE	K0101D009	[K0101D009] MANAGEMENT INFERMIERISTICO E OSTETRICO	26,6	0
K0101D	[K0101D] SCIENZE INFERMIERISTICHE E OSTETRICHE	K0101D003	[K0101D003] PROGETTAZIONE E COORDINAMENTO ASSISTENZIALE	27,55172414	0
